Filename,Pin,Direction,Max_rise_time,Max_fall_time,Worst_transition,Limit,Slack
data_trans2.lifcc.SH.SigRCmaxDP_ErPlus_modRvia_125c.setup.func.noxtalk.noocv.rpt,serdes_s4_lifc_u0/sbphys2a1s14lpp28g4l1c_phy_u0/BLOCK_BUFFER_IN_CLK_20/A, in, 4.378983, 4.393521, 4.393521, 0.200000,4.1935
data_trans2.lifcc.SH.SigRCmaxDP_ErPlus_modRvia_125c.setup.func.noxtalk.noocv.rpt,esi_dft_occ_wrap_SERDES_scan_clk_ln1_rxdiv_i/pll_clk_ATibuf_i101/A, in, 2.210853, 2.224437, 2.224437, 0.200000,2.0244
data_trans2.lifcc.SH.SigRCmaxDP_ErPlus_modRvia_125c.setup.func.noxtalk.noocv.rpt,serdes_s4_lifc_u0/sbphys2a1s14lpp28g4l1c_phy_u0/BLOCK_BUFFER_IN_CLK_21/A, in, 1.819183, 1.829395, 1.829395, 0.200000,1.6294
data_trans2.lifcc.SH.SigRCmaxDP_ErPlus_modRvia_125c.setup.func.noxtalk.noocv.rpt,BLOCK_BUFFER_OUT_385/A, in, 1.678794, 1.684587, 1.684587, 0.200000,1.4846
data_trans2.lifcc.SH.SigRCmaxDP_ErPlus_modRvia_125c.setup.func.noxtalk.noocv.rpt,diode445109/A, in, 1.678796, 1.684591, 1.684591, 0.200000,1.4846
data_trans2.lifcc.SH.SigRCmaxDP_ErPlus_modRvia_125c.setup.func.noxtalk.noocv.rpt,diode445104/A, in, 1.657988, 1.644896, 1.657988, 0.200000,1.458
data_trans2.lifcc.SH.SigRCmaxDP_ErPlus_modRvia_125c.setup.func.noxtalk.noocv.rpt,BLOCK_BUFFER_OUT_391/A, in, 1.657976, 1.644891, 1.657976, 0.200000,1.458
data_trans2.lifcc.SH.SigRCmaxDP_ErPlus_modRvia_125c.setup.func.noxtalk.noocv.rpt,serdes_s4_lifc_u0/sbphys2a1s14lpp28g4l1c_phy_u0/BLOCK_BUFFER_IN_CLK_17/A, in, 1.547171, 1.541559, 1.547171, 0.200000,1.3472
data_trans2.lifcc.SH.SigRCmaxDP_ErPlus_modRvia_125c.setup.func.noxtalk.noocv.rpt,diode445103/A, in, 1.399233, 1.355925, 1.399233, 0.200000,1.1992
data_trans2.lifcc.SH.SigRCmaxDP_ErPlus_modRvia_125c.setup.func.noxtalk.noocv.rpt,BLOCK_BUFFER_OUT_386/A, in, 1.399242, 1.355927, 1.399242, 0.200000,1.1992
data_trans2.lifcc.SH.SigRCmaxDP_ErPlus_modRvia_125c.setup.func.noxtalk.noocv.rpt,esi_dft_occ_wrap_SERDES_scan_clk_ln2_rx_i/pll_clk_ATibuf_i101/A, in, 1.189749, 1.205641, 1.205641, 0.200000,1.0056
data_trans2.lifcc.SH.SigRCmaxDP_ErPlus_modRvia_125c.setup.func.noxtalk.noocv.rpt,BLOCK_BUFFER_OUT_392/A, in, 1.188677, 1.181356, 1.188677, 0.200000,0.98868
data_trans2.lifcc.SH.SigRCmaxDP_ErPlus_modRvia_125c.setup.func.noxtalk.noocv.rpt,diode445105/A, in, 1.188655, 1.181360, 1.188655, 0.200000,0.98866
data_trans2.lifcc.SH.SigRCmaxDP_ErPlus_modRvia_125c.setup.func.noxtalk.noocv.rpt,esi_dft_occ_wrap_SERDES_scan_clk_ln2_rxdiv_i/pll_clk_ATibuf_i101/A, in, 1.114820, 1.115626, 1.115626, 0.200000,0.91563
data_trans2.lifcc.SH.SigRCmaxDP_ErPlus_modRvia_125c.setup.func.noxtalk.noocv.rpt,BLOCK_BUFFER_OUT_389/A, in, 0.913842, 0.873395, 0.913842, 0.200000,0.71384
data_trans2.lifcc.SH.SigRCmaxDP_ErPlus_modRvia_125c.setup.func.noxtalk.noocv.rpt,diode458722/A, in, 0.913842, 0.873395, 0.913842, 0.200000,0.71384
data_trans2.lifcc.SH.SigRCmaxDP_ErPlus_modRvia_125c.setup.func.noxtalk.noocv.rpt,BLOCK_BUFFER_OUT_387/A, in, 0.869012, 0.845397, 0.869012, 0.200000,0.66901
data_trans2.lifcc.SH.SigRCmaxDP_ErPlus_modRvia_125c.setup.func.noxtalk.noocv.rpt,diode445108/A, in, 0.869010, 0.845394, 0.869010, 0.200000,0.66901
data_trans2.lifcc.SH.SigRCmaxDP_ErPlus_modRvia_125c.setup.func.noxtalk.noocv.rpt,BLOCK_BUFFER_OUT_383/A, in, 0.845191, 0.839238, 0.845191, 0.200000,0.64519
data_trans2.lifcc.SH.SigRCmaxDP_ErPlus_modRvia_125c.setup.func.noxtalk.noocv.rpt,diode445107/A, in, 0.845188, 0.839234, 0.845188, 0.200000,0.64519
data_trans2.lifcc.SH.SigRCmaxDP_ErPlus_modRvia_125c.setup.func.noxtalk.noocv.rpt,diode443931/A, in, 0.779463, 0.740133, 0.779463, 0.200000,0.57946
data_trans2.lifcc.SH.SigRCmaxDP_ErPlus_modRvia_125c.setup.func.noxtalk.noocv.rpt,BLOCK_BUFFER_OUT_394/A, in, 0.779453, 0.740136, 0.779453, 0.200000,0.57945
data_trans2.lifcc.SH.SigRCmaxDP_ErPlus_modRvia_125c.setup.func.noxtalk.noocv.rpt,BLOCK_BUFFER_OUT_388/A, in, 0.738802, 0.715543, 0.738802, 0.200000,0.5388
data_trans2.lifcc.SH.SigRCmaxDP_ErPlus_modRvia_125c.setup.func.noxtalk.noocv.rpt,diode445110/A, in, 0.738804, 0.715537, 0.738804, 0.200000,0.5388
data_trans2.lifcc.SH.SigRCmaxDP_ErPlus_modRvia_125c.setup.func.noxtalk.noocv.rpt,esi_dft_occ_wrap_SERDES_scan_clk_ln3_rx_i/pll_clk_ATibuf_i101/A, in, 0.680815, 0.682929, 0.682929, 0.200000,0.48293
data_trans2.lifcc.SH.SigRCmaxDP_ErPlus_modRvia_125c.setup.func.noxtalk.noocv.rpt,diode445111/A, in, 0.675631, 0.667928, 0.675631, 0.200000,0.47563
data_trans2.lifcc.SH.SigRCmaxDP_ErPlus_modRvia_125c.setup.func.noxtalk.noocv.rpt,BLOCK_BUFFER_OUT_393/A, in, 0.675633, 0.667928, 0.675633, 0.200000,0.47563
data_trans2.lifcc.SH.SigRCmaxDP_ErPlus_modRvia_125c.setup.func.noxtalk.noocv.rpt,BLOCK_BUFFER_OUT_384/A, in, 0.664985, 0.648619, 0.664985, 0.200000,0.46499
data_trans2.lifcc.SH.SigRCmaxDP_ErPlus_modRvia_125c.setup.func.noxtalk.noocv.rpt,diode457333/A, in, 0.664977, 0.648621, 0.664977, 0.200000,0.46498
data_trans2.lifcc.SH.SigRCmaxDP_ErPlus_modRvia_125c.setup.func.noxtalk.noocv.rpt,BLOCK_BUFFER_OUT_390/A, in, 0.646255, 0.628965, 0.646255, 0.200000,0.44626
data_trans2.lifcc.SH.SigRCmaxDP_ErPlus_modRvia_125c.setup.func.noxtalk.noocv.rpt,diode445106/A, in, 0.646236, 0.628952, 0.646236, 0.200000,0.44624
data_trans2.lifcc.SH.SigRCmaxDP_ErPlus_modRvia_125c.setup.func.noxtalk.noocv.rpt,serdes_s4_lifc_u0/sbphys2a1s14lpp28g4l1c_phy_u0/BLOCK_BUFFER_IN_CLK_23/A, in, 0.618478, 0.619832, 0.619832, 0.200000,0.41983
data_trans2.lifcc.SH.SigRCmaxDP_ErPlus_modRvia_125c.setup.func.noxtalk.noocv.rpt,serdes_s4_lifc_u0/serdes_s4_crm_lifc_u0/U11/A0, in, 0.556197, 0.553040, 0.556197, 0.200000,0.3562
data_trans2.lifcc.SH.SigRCmaxDP_ErPlus_modRvia_125c.setup.func.noxtalk.noocv.rpt,serdes_s4_lifc_u0/serdes_s4_crm_lifc_u0/npe_synchronizer_u3/SDFFYRPQ2D_INST_3__SDFFYRPQ2D/D, in, 0.556085, 0.552964, 0.556085, 0.200000,0.35609
data_trans2.lifcc.SH.SigRCmaxDP_ErPlus_modRvia_125c.setup.func.noxtalk.noocv.rpt,serdes_s4_lifc_u0/sbphys2a1s14lpp28g4l1c_phy_u0/BLOCK_BUFFER_IN_CLK_19/A, in, 0.526802, 0.524124, 0.526802, 0.200000,0.3268
data_trans2.lifcc.SH.SigRCmaxDP_ErPlus_modRvia_125c.setup.func.noxtalk.noocv.rpt,serdes_s4_lifc_u0/sbphys2a1s14lpp28g4l1c_phy_u0/BLOCK_BUFFER_IN_CLK_22/A, in, 0.503794, 0.510232, 0.510232, 0.200000,0.31023
data_trans2.lifcc.SH.SigRCmaxDP_ErPlus_modRvia_125c.setup.func.noxtalk.noocv.rpt,esi_dft_occ_wrap_SERDES_scan_clk_pll2ref_i/pll_clk_ATibuf_i101/A, in, 0.469155, 0.467204, 0.469155, 0.200000,0.26915
data_trans2.lifcc.SH.SigRCmaxDP_ErPlus_modRvia_125c.setup.func.noxtalk.noocv.rpt,cfg/cfg_pcie_top/pcie_wrapper_u0/u_pcs_lane1_wrapper/u_pcs_pcie_core/i_pcs_pcie_lane_control0/RO_ropt_mt_inst_447082/A, in, 0.438289, 0.436785, 0.438289, 0.200000,0.23829
data_trans2.lifcc.SH.SigRCmaxDP_ErPlus_modRvia_125c.setup.func.noxtalk.noocv.rpt,serdes_s4_lifc_u0/serdes_s4_cfg_lifc_u0/U846/B, in, 0.340395, 0.342376, 0.342376, 0.200000,0.14238
data_trans2.lifcc.SH.SigRCmaxDP_ErPlus_modRvia_125c.setup.func.noxtalk.noocv.rpt,serdes_s4_lifc_u0/serdes_s4_cfg_lifc_u0/U845/B, in, 0.330826, 0.333042, 0.333042, 0.200000,0.13304
data_trans2.lifcc.SH.SigRCmaxDP_ErPlus_modRvia_125c.setup.func.noxtalk.noocv.rpt,serdes_s4_lifc_u0/RO_ropt_mt_inst_457335/A, in, 0.328324, 0.329594, 0.329594, 0.200000,0.12959
data_trans2.lifcc.SH.SigRCmaxDP_ErPlus_modRvia_125c.setup.func.noxtalk.noocv.rpt,lifcc_gate_tessent_tdr_MEM_PROGRAMMABLE_BITs_inst/tdr_reg_88_/SI, in, 0.272373, 0.177838, 0.272373, 0.200000,0.072373
data_trans2.lifcc.SH.SigRCmaxDP_ErPlus_modRvia_125c.setup.func.noxtalk.noocv.rpt,lifcc_gate_tessent_tdr_MEM_PROGRAMMABLE_BITs_inst/tdr_reg_83_/SI, in, 0.272373, 0.177838, 0.272373, 0.200000,0.072373
data_trans2.lifcc.SH.SigRCmaxDP_ErPlus_modRvia_125c.setup.func.noxtalk.noocv.rpt,lifcc_gate_tessent_tdr_MEM_PROGRAMMABLE_BITs_inst/tdr_reg_84_/SI, in, 0.272373, 0.177838, 0.272373, 0.200000,0.072373
data_trans2.lifcc.SH.SigRCmaxDP_ErPlus_modRvia_125c.setup.func.noxtalk.noocv.rpt,lifcc_gate_tessent_tdr_MEM_PROGRAMMABLE_BITs_inst/tdr_reg_86_/SI, in, 0.272373, 0.177838, 0.272373, 0.200000,0.072373
data_trans2.lifcc.SH.SigRCmaxDP_ErPlus_modRvia_125c.setup.func.noxtalk.noocv.rpt,lifcc_gate_tessent_tdr_MEM_PROGRAMMABLE_BITs_inst/tdr_reg_87_/SI, in, 0.272373, 0.177838, 0.272373, 0.200000,0.072373
data_trans2.lifcc.SH.SigRCmaxDP_ErPlus_modRvia_125c.setup.func.noxtalk.noocv.rpt,lifcc_gate_tessent_tdr_MEM_PROGRAMMABLE_BITs_inst/tdr_reg_82_/SI, in, 0.272373, 0.177838, 0.272373, 0.200000,0.072373
data_trans2.lifcc.SH.SigRCmaxDP_ErPlus_modRvia_125c.setup.func.noxtalk.noocv.rpt,lifcc_gate_tessent_tdr_MEM_PROGRAMMABLE_BITs_inst/tdr_latch88_reg/SI, in, 0.272373, 0.177838, 0.272373, 0.200000,0.072373
data_trans2.lifcc.SH.SigRCmaxDP_ErPlus_modRvia_125c.setup.func.noxtalk.noocv.rpt,lifcc_gate_tessent_tdr_MEM_PROGRAMMABLE_BITs_inst/tdr_latch86_reg/SI, in, 0.272373, 0.177838, 0.272373, 0.200000,0.072373
data_trans2.lifcc.SH.SigRCmaxDP_ErPlus_modRvia_125c.setup.func.noxtalk.noocv.rpt,lifcc_gate_tessent_tdr_MEM_PROGRAMMABLE_BITs_inst/tdr_reg_85_/SI, in, 0.272373, 0.177838, 0.272373, 0.200000,0.072373
data_trans2.lifcc.SH.SigRCmaxDP_ErPlus_modRvia_125c.setup.func.noxtalk.noocv.rpt,lifcc_gate_tessent_tdr_MEM_PROGRAMMABLE_BITs_inst/tdr_latch89_reg/SI, in, 0.272373, 0.177838, 0.272373, 0.200000,0.072373
data_trans2.lifcc.SH.SigRCmaxDP_ErPlus_modRvia_125c.setup.func.noxtalk.noocv.rpt,lifcc_gate_tessent_tdr_MEM_PROGRAMMABLE_BITs_inst/tdr_latch87_reg/SI, in, 0.272373, 0.177838, 0.272373, 0.200000,0.072373
data_trans2.lifcc.SH.SigRCmaxDP_ErPlus_modRvia_125c.setup.func.noxtalk.noocv.rpt,lifcc_gate_tessent_tdr_MEM_PROGRAMMABLE_BITs_inst/tdr_latch84_reg/SI, in, 0.272373, 0.177838, 0.272373, 0.200000,0.072373
data_trans2.lifcc.SH.SigRCmaxDP_ErPlus_modRvia_125c.setup.func.noxtalk.noocv.rpt,lifcc_gate_tessent_tdr_MEM_PROGRAMMABLE_BITs_inst/tdr_latch85_reg/SI, in, 0.272373, 0.177838, 0.272373, 0.200000,0.072373
data_trans2.lifcc.SH.SigRCmaxDP_ErPlus_modRvia_125c.setup.func.noxtalk.noocv.rpt,lifcc_gate_tessent_tdr_MEM_PROGRAMMABLE_BITs_inst/tdr_latch83_reg/SI, in, 0.272373, 0.177838, 0.272373, 0.200000,0.072373
data_trans2.lifcc.SH.SigRCmaxDP_ErPlus_modRvia_125c.setup.func.noxtalk.noocv.rpt,lifcc_gate_tessent_tdr_MEM_PROGRAMMABLE_BITs_inst/tdr_reg_89_/SI, in, 0.272373, 0.177838, 0.272373, 0.200000,0.072373
data_trans2.lifcc.SH.SigRCmaxDP_ErPlus_modRvia_125c.setup.func.noxtalk.noocv.rpt,lifcc_gate_tessent_tdr_MEM_PROGRAMMABLE_BITs_inst/PO_AINV_P_381251/A, in, 0.272373, 0.177838, 0.272373, 0.200000,0.072373
data_trans2.lifcc.SH.SigRCmaxDP_ErPlus_modRvia_125c.setup.func.noxtalk.noocv.rpt,lifcc_gate_tessent_tdr_MEM_PROGRAMMABLE_BITs_inst/PO_AINV_P_381254/A, in, 0.272373, 0.177838, 0.272373, 0.200000,0.072373
data_trans2.lifcc.SH.SigRCmaxDP_ErPlus_modRvia_125c.setup.func.noxtalk.noocv.rpt,lifcc_gate_tessent_tdr_MEM_PROGRAMMABLE_BITs_inst/PO_AINV_P_381265/Y, out, 0.272373, 0.177838, 0.272373, 0.200000,0.072373
data_trans2.lifcc.SH.SigRCmaxDP_ErPlus_modRvia_125c.setup.func.noxtalk.noocv.rpt,lifcc_gate_tessent_tdr_MEM_PROGRAMMABLE_BITs_inst/tdr_latch82_reg/SI, in, 0.272373, 0.177838, 0.272373, 0.200000,0.072373
data_trans2.lifcc.SH.SigRCmaxDP_ErPlus_modRvia_125c.setup.func.noxtalk.noocv.rpt,cfg/cfg_pcie_top/pcie_wrapper_u0/U_mem_intf/u_replay_buffer/ues_gmem_1r1w_1clk/mem_wrapper_gmem/pmem0_y0_x0/t_bypass, in, 0.264634, 0.106386, 0.264634, 0.200000,0.064634
data_trans2.lifcc.SH.SigRCmaxDP_ErPlus_modRvia_125c.setup.func.noxtalk.noocv.rpt,serdes_s4_lifc_u0/serdes_s4_cfg_lifc_u0/npe_clk_mux2_u1/clkmux2to1_scan/B, in, 0.258725, 0.259824, 0.259824, 0.200000,0.059824
data_trans2.lifcc.SH.SigRCmaxDP_ErPlus_modRvia_125c.setup.func.noxtalk.noocv.rpt,lifcc_gate_tessent_tdr_MEM_PROGRAMMABLE_BITs_inst/PO_AINV_P_381235/A, in, 0.258621, 0.199837, 0.258621, 0.200000,0.058621
data_trans2.lifcc.SH.SigRCmaxDP_ErPlus_modRvia_125c.setup.func.noxtalk.noocv.rpt,lifcc_gate_tessent_tdr_MEM_PROGRAMMABLE_BITs_inst/PO_AINV_P_381234/A, in, 0.258621, 0.199837, 0.258621, 0.200000,0.058621
data_trans2.lifcc.SH.SigRCmaxDP_ErPlus_modRvia_125c.setup.func.noxtalk.noocv.rpt,lifcc_gate_tessent_tdr_MEM_PROGRAMMABLE_BITs_inst/PO_AINV_P_381237/A, in, 0.258621, 0.199837, 0.258621, 0.200000,0.058621
data_trans2.lifcc.SH.SigRCmaxDP_ErPlus_modRvia_125c.setup.func.noxtalk.noocv.rpt,lifcc_gate_tessent_tdr_MEM_PROGRAMMABLE_BITs_inst/PO_AINV_P_381236/A, in, 0.258621, 0.199837, 0.258621, 0.200000,0.058621
data_trans2.lifcc.SH.SigRCmaxDP_ErPlus_modRvia_125c.setup.func.noxtalk.noocv.rpt,lifcc_gate_tessent_tdr_MEM_PROGRAMMABLE_BITs_inst/PO_AINV_P_381251/Y, out, 0.258621, 0.199837, 0.258621, 0.200000,0.058621
data_trans2.lifcc.SH.SigRCmaxDP_ErPlus_modRvia_125c.setup.func.noxtalk.noocv.rpt,lifcc_gate_tessent_tdr_MEM_PROGRAMMABLE_BITs_inst/PO_AINV_P_381216/A, in, 0.258621, 0.199837, 0.258621, 0.200000,0.058621
data_trans2.lifcc.SH.SigRCmaxDP_ErPlus_modRvia_125c.setup.func.noxtalk.noocv.rpt,lifcc_gate_tessent_tdr_MEM_PROGRAMMABLE_BITs_inst/PO_AINV_P_381224/A, in, 0.258621, 0.199837, 0.258621, 0.200000,0.058621
data_trans2.lifcc.SH.SigRCmaxDP_ErPlus_modRvia_125c.setup.func.noxtalk.noocv.rpt,serdes_s4_lifc_u0/pmem_dmem_wrapper_u0/genvar_data_mem_1__serdes_s4_dmem_ecc_ram_1r1w_4608x8_wrapper_u0/ues_gmem_1r1w_1clk/mem_wrapper_gmem/pmem0_y0_x0/t_bypass, in, 0.251450, 0.095106, 0.251450, 0.200000,0.05145
data_trans2.lifcc.SH.SigRCmaxDP_ErPlus_modRvia_125c.setup.func.noxtalk.noocv.rpt,serdes_s4_lifc_u0/pmem_dmem_wrapper_u0/genvar_data_mem_3__serdes_s4_dmem_ecc_ram_1r1w_4608x8_wrapper_u0/ues_gmem_1r1w_1clk/mem_wrapper_gmem/pmem0_y0_x0/t_bypass, in, 0.251401, 0.097532, 0.251401, 0.200000,0.051401
data_trans2.lifcc.SH.SigRCmaxDP_ErPlus_modRvia_125c.setup.func.noxtalk.noocv.rpt,serdes_s4_lifc_u0/pmem_dmem_wrapper_u0/genvar_data_mem_0__serdes_s4_dmem_ecc_ram_1r1w_4608x8_wrapper_u0/ues_gmem_1r1w_1clk/mem_wrapper_gmem/pmem0_y0_x0/t_bypass, in, 0.250851, 0.100643, 0.250851, 0.200000,0.050851
data_trans2.lifcc.SH.SigRCmaxDP_ErPlus_modRvia_125c.setup.func.noxtalk.noocv.rpt,cfg/cfg_pcie_top/pcie_wrapper_u0/U_mem_intf/u_pnp_fifo/ues_gmem_1r1w_1clk/mem_wrapper_gmem/pmem0_y0_x0/t_bypass, in, 0.249381, 0.099926, 0.249381, 0.200000,0.049381
data_trans2.lifcc.SH.SigRCmaxDP_ErPlus_modRvia_125c.setup.func.noxtalk.noocv.rpt,serdes_s4_lifc_u0/pmem_dmem_wrapper_u0/genvar_data_mem_2__serdes_s4_dmem_ecc_ram_1r1w_4608x8_wrapper_u0/ues_gmem_1r1w_1clk/mem_wrapper_gmem/pmem0_y0_x0/t_bypass, in, 0.241722, 0.093574, 0.241722, 0.200000,0.041722
data_trans2.lifcc.SH.SigRCmaxDP_ErPlus_modRvia_125c.setup.func.noxtalk.noocv.rpt,lifcc_gate_tessent_tdr_MEM_PROGRAMMABLE_BITs_inst/PO_AINV_P_381252/Y, out, 0.239136, 0.156279, 0.239136, 0.200000,0.039136
data_trans2.lifcc.SH.SigRCmaxDP_ErPlus_modRvia_125c.setup.func.noxtalk.noocv.rpt,lifcc_gate_tessent_tdr_MEM_PROGRAMMABLE_BITs_inst/PO_AINV_P_381247/A, in, 0.239136, 0.156279, 0.239136, 0.200000,0.039136
data_trans2.lifcc.SH.SigRCmaxDP_ErPlus_modRvia_125c.setup.func.noxtalk.noocv.rpt,serdes_s4_lifc_u0/mem2apb_u0/PO_BINV_R_374026/Y, out, 0.237962, 0.142293, 0.237962, 0.200000,0.037962
data_trans2.lifcc.SH.SigRCmaxDP_ErPlus_modRvia_125c.setup.func.noxtalk.noocv.rpt,serdes_s4_lifc_u0/mem2apb_u0/PO_BINV_R_374025/A, in, 0.237945, 0.142707, 0.237945, 0.200000,0.037945
data_trans2.lifcc.SH.SigRCmaxDP_ErPlus_modRvia_125c.setup.func.noxtalk.noocv.rpt,serdes_s4_lifc_u0/sbphys2a1s14lpp28g4l1c_phy_u0/i_dpl/i_dpl_core/i_ln2/i_dmux_txa/U81/A0, in, 0.231777, 0.162471, 0.231777, 0.200000,0.031777
data_trans2.lifcc.SH.SigRCmaxDP_ErPlus_modRvia_125c.setup.func.noxtalk.noocv.rpt,serdes_s4_lifc_u0/sbphys2a1s14lpp28g4l1c_phy_u0/i_dpl/i_dpl_core/i_ln2/i_dmux_txa/U66/A0, in, 0.231696, 0.162463, 0.231696, 0.200000,0.031696
data_trans2.lifcc.SH.SigRCmaxDP_ErPlus_modRvia_125c.setup.func.noxtalk.noocv.rpt,serdes_s4_lifc_u0/sbphys2a1s14lpp28g4l1c_phy_u0/i_dpl/RO_ropt_d_inst_322352/Y, out, 0.230338, 0.165697, 0.230338, 0.200000,0.030338
data_trans2.lifcc.SH.SigRCmaxDP_ErPlus_modRvia_125c.setup.func.noxtalk.noocv.rpt,serdes_s4_lifc_u0/sbphys2a1s14lpp28g4l1c_phy_u0/i_dpl/i_dpl_core/i_ln2/i_dmux_txa/U121/A0, in, 0.229013, 0.162161, 0.229013, 0.200000,0.029013
data_trans2.lifcc.SH.SigRCmaxDP_ErPlus_modRvia_125c.setup.func.noxtalk.noocv.rpt,serdes_s4_lifc_u0/sbphys2a1s14lpp28g4l1c_phy_u0/i_dpl/RO_ropt_d_inst_322391/Y, out, 0.224434, 0.158338, 0.224434, 0.200000,0.024434
data_trans2.lifcc.SH.SigRCmaxDP_ErPlus_modRvia_125c.setup.func.noxtalk.noocv.rpt,serdes_s4_lifc_u0/serdes_s4_cfg_lifc_u0/npe_clk_mux2_u0/clkmux2to1_scan/B, in, 0.223480, 0.223170, 0.223480, 0.200000,0.02348
data_trans2.lifcc.SH.SigRCmaxDP_ErPlus_modRvia_125c.setup.func.noxtalk.noocv.rpt,serdes_s4_lifc_u0/sbphys2a1s14lpp28g4l1c_phy_u0/i_dpl/i_dpl_core/i_ln2/i_dmux_txa/U96/A0, in, 0.222595, 0.161356, 0.222595, 0.200000,0.022595
data_trans2.lifcc.SH.SigRCmaxDP_ErPlus_modRvia_125c.setup.func.noxtalk.noocv.rpt,serdes_s4_lifc_u0/sbphys2a1s14lpp28g4l1c_phy_u0/Upteco_drc__December09__PTECO_DRC_BUF59/A, in, 0.220879, 0.196132, 0.220879, 0.200000,0.020879
data_trans2.lifcc.SH.SigRCmaxDP_ErPlus_modRvia_125c.setup.func.noxtalk.noocv.rpt,cfg/led_signal_sync_u0/PSU3_0__pulse_sampling_u3/PO_SGI20_384012/Y, out, 0.220402, 0.219101, 0.220402, 0.200000,0.020402
data_trans2.lifcc.SH.SigRCmaxDP_ErPlus_modRvia_125c.setup.func.noxtalk.noocv.rpt,cfg/led_signal_sync_u0/PSU3_0__pulse_sampling_u3/PO_SGI23_384014/A, in, 0.220276, 0.219458, 0.220276, 0.200000,0.020276
data_trans2.lifcc.SH.SigRCmaxDP_ErPlus_modRvia_125c.setup.func.noxtalk.noocv.rpt,serdes_s4_lifc_u0/sbphys2a1s14lpp28g4l1c_phy_u0/i_dpl/i_dpl_core/i_ln2/i_dmux_txa/U61/A0, in, 0.219740, 0.160341, 0.219740, 0.200000,0.01974
data_trans2.lifcc.SH.SigRCmaxDP_ErPlus_modRvia_125c.setup.func.noxtalk.noocv.rpt,serdes_s4_lifc_u0/sbphys2a1s14lpp28g4l1c_phy_u0/i_dpl/i_dpl_core/i_ln2/i_dmux_txa/U131/A0, in, 0.219316, 0.160686, 0.219316, 0.200000,0.019316
data_trans2.lifcc.SH.SigRCmaxDP_ErPlus_modRvia_125c.setup.func.noxtalk.noocv.rpt,serdes_s4_lifc_u0/sbphys2a1s14lpp28g4l1c_phy_u0/i_dpl/i_dpl_core/i_ln2/i_dmux_txa/U76/A0, in, 0.217813, 0.160131, 0.217813, 0.200000,0.017813
data_trans2.lifcc.SH.SigRCmaxDP_ErPlus_modRvia_125c.setup.func.noxtalk.noocv.rpt,cfg/led_signal_sync_u0/PSU0_14__pulse_sampling_u0/PO_SGI70_384138/Y, out, 0.217411, 0.204848, 0.217411, 0.200000,0.017411
data_trans2.lifcc.SH.SigRCmaxDP_ErPlus_modRvia_125c.setup.func.noxtalk.noocv.rpt,cfg/led_signal_sync_u0/PSU0_14__pulse_sampling_u0/PO_SGI76_384140/A, in, 0.217382, 0.204949, 0.217382, 0.200000,0.017382
data_trans2.lifcc.SH.SigRCmaxDP_ErPlus_modRvia_125c.setup.func.noxtalk.noocv.rpt,esi_dft_occ_wrap_SERDES_scan_clk_ln0_rxdiv_i/pll_clk_ATibuf_i101/A, in, 0.213562, 0.209131, 0.213562, 0.200000,0.013562
data_trans2.lifcc.SH.SigRCmaxDP_ErPlus_modRvia_125c.setup.func.noxtalk.noocv.rpt,serdes_s4_lifc_u0/serdes_s4_cfg_lifc_u0/PO_AINV_P_80439/Y, out, 0.207711, 0.178122, 0.207711, 0.200000,0.007711
data_trans2.lifcc.SH.SigRCmaxDP_ErPlus_modRvia_125c.setup.func.noxtalk.noocv.rpt,lifcc_gate_tessent_tdr_MEM_PROGRAMMABLE_BITs_inst/tdr_reg_76_/SI, in, 0.206560, 0.165183, 0.206560, 0.200000,0.00656
data_trans2.lifcc.SH.SigRCmaxDP_ErPlus_modRvia_125c.setup.func.noxtalk.noocv.rpt,lifcc_gate_tessent_tdr_MEM_PROGRAMMABLE_BITs_inst/tdr_reg_75_/SI, in, 0.206560, 0.165183, 0.206560, 0.200000,0.00656
data_trans2.lifcc.SH.SigRCmaxDP_ErPlus_modRvia_125c.setup.func.noxtalk.noocv.rpt,lifcc_gate_tessent_tdr_MEM_PROGRAMMABLE_BITs_inst/tdr_latch78_reg/SI, in, 0.206560, 0.165183, 0.206560, 0.200000,0.00656
data_trans2.lifcc.SH.SigRCmaxDP_ErPlus_modRvia_125c.setup.func.noxtalk.noocv.rpt,lifcc_gate_tessent_tdr_MEM_PROGRAMMABLE_BITs_inst/tdr_reg_74_/SI, in, 0.206560, 0.165183, 0.206560, 0.200000,0.00656
data_trans2.lifcc.SH.SigRCmaxDP_ErPlus_modRvia_125c.setup.func.noxtalk.noocv.rpt,lifcc_gate_tessent_tdr_MEM_PROGRAMMABLE_BITs_inst/tdr_reg_78_/SI, in, 0.206560, 0.165183, 0.206560, 0.200000,0.00656
data_trans2.lifcc.SH.SigRCmaxDP_ErPlus_modRvia_125c.setup.func.noxtalk.noocv.rpt,lifcc_gate_tessent_tdr_MEM_PROGRAMMABLE_BITs_inst/PO_AINV_P_381224/Y, out, 0.206560, 0.165183, 0.206560, 0.200000,0.00656
data_trans2.lifcc.SH.SigRCmaxDP_ErPlus_modRvia_125c.setup.func.noxtalk.noocv.rpt,lifcc_gate_tessent_tdr_MEM_PROGRAMMABLE_BITs_inst/tdr_reg_80_/SI, in, 0.206560, 0.165183, 0.206560, 0.200000,0.00656
data_trans2.lifcc.SH.SigRCmaxDP_ErPlus_modRvia_125c.setup.func.noxtalk.noocv.rpt,lifcc_gate_tessent_tdr_MEM_PROGRAMMABLE_BITs_inst/tdr_reg_79_/SI, in, 0.206560, 0.165183, 0.206560, 0.200000,0.00656
data_trans2.lifcc.SH.SigRCmaxDP_ErPlus_modRvia_125c.setup.func.noxtalk.noocv.rpt,lifcc_gate_tessent_tdr_MEM_PROGRAMMABLE_BITs_inst/tdr_reg_81_/SI, in, 0.206560, 0.165183, 0.206560, 0.200000,0.00656
data_trans2.lifcc.SH.SigRCmaxDP_ErPlus_modRvia_125c.setup.func.noxtalk.noocv.rpt,lifcc_gate_tessent_tdr_MEM_PROGRAMMABLE_BITs_inst/tdr_latch81_reg/SI, in, 0.206560, 0.165183, 0.206560, 0.200000,0.00656
data_trans2.lifcc.SH.SigRCmaxDP_ErPlus_modRvia_125c.setup.func.noxtalk.noocv.rpt,lifcc_gate_tessent_tdr_MEM_PROGRAMMABLE_BITs_inst/tdr_reg_77_/SI, in, 0.206560, 0.165183, 0.206560, 0.200000,0.00656
data_trans2.lifcc.SH.SigRCmaxDP_ErPlus_modRvia_125c.setup.func.noxtalk.noocv.rpt,lifcc_gate_tessent_tdr_MEM_PROGRAMMABLE_BITs_inst/tdr_latch75_reg/SI, in, 0.206560, 0.165183, 0.206560, 0.200000,0.00656
data_trans2.lifcc.SH.SigRCmaxDP_ErPlus_modRvia_125c.setup.func.noxtalk.noocv.rpt,lifcc_gate_tessent_tdr_MEM_PROGRAMMABLE_BITs_inst/tdr_latch79_reg/SI, in, 0.206560, 0.165183, 0.206560, 0.200000,0.00656
data_trans2.lifcc.SH.SigRCmaxDP_ErPlus_modRvia_125c.setup.func.noxtalk.noocv.rpt,lifcc_gate_tessent_tdr_MEM_PROGRAMMABLE_BITs_inst/tdr_latch80_reg/SI, in, 0.206560, 0.165183, 0.206560, 0.200000,0.00656
data_trans2.lifcc.SH.SigRCmaxDP_ErPlus_modRvia_125c.setup.func.noxtalk.noocv.rpt,lifcc_gate_tessent_tdr_MEM_PROGRAMMABLE_BITs_inst/tdr_latch77_reg/SI, in, 0.206560, 0.165183, 0.206560, 0.200000,0.00656
data_trans2.lifcc.SH.SigRCmaxDP_ErPlus_modRvia_125c.setup.func.noxtalk.noocv.rpt,lifcc_gate_tessent_tdr_MEM_PROGRAMMABLE_BITs_inst/tdr_latch74_reg/SI, in, 0.206560, 0.165183, 0.206560, 0.200000,0.00656
data_trans2.lifcc.SH.SigRCmaxDP_ErPlus_modRvia_125c.setup.func.noxtalk.noocv.rpt,lifcc_gate_tessent_tdr_MEM_PROGRAMMABLE_BITs_inst/tdr_latch76_reg/SI, in, 0.206560, 0.165183, 0.206560, 0.200000,0.00656
data_trans2.lifcc.SH.SigRCmaxDP_ErPlus_modRvia_125c.setup.func.noxtalk.noocv.rpt,serdes_s4_lifc_u0/sbphys2a1s14lpp28g4l1c_phy_u0/i_dpl/i_dpl_core/i_ln2/i_bist_tx_top/U69/A0, in, 0.205791, 0.149295, 0.205791, 0.200000,0.005791
data_trans2.lifcc.SH.SigRCmaxDP_ErPlus_modRvia_125c.setup.func.noxtalk.noocv.rpt,serdes_s4_lifc_u0/sbphys2a1s14lpp28g4l1c_phy_u0/i_dpl/i_dpl_core/i_ln2/i_bist_tx_top/U73/A0, in, 0.205761, 0.149291, 0.205761, 0.200000,0.005761
data_trans2.lifcc.SH.SigRCmaxDP_ErPlus_modRvia_125c.setup.func.noxtalk.noocv.rpt,serdes_s4_lifc_u0/sbphys2a1s14lpp28g4l1c_phy_u0/i_dpl/i_dpl_core/i_ln2/i_bist_tx_top/U207/A0, in, 0.205382, 0.149243, 0.205382, 0.200000,0.005382
data_trans2.lifcc.SH.SigRCmaxDP_ErPlus_modRvia_125c.setup.func.noxtalk.noocv.rpt,serdes_s4_lifc_u0/sbphys2a1s14lpp28g4l1c_phy_u0/i_dpl/i_dpl_core/i_ln2/i_dmux_txa/U101/A0, in, 0.205363, 0.157947, 0.205363, 0.200000,0.005363
data_trans2.lifcc.SH.SigRCmaxDP_ErPlus_modRvia_125c.setup.func.noxtalk.noocv.rpt,lifcc_gate_tessent_tdr_MEM_PROGRAMMABLE_BITs_inst/tdr_reg_26_/SI, in, 0.203808, 0.163802, 0.203808, 0.200000,0.003808
data_trans2.lifcc.SH.SigRCmaxDP_ErPlus_modRvia_125c.setup.func.noxtalk.noocv.rpt,lifcc_gate_tessent_tdr_MEM_PROGRAMMABLE_BITs_inst/tdr_reg_13_/SI, in, 0.203808, 0.163802, 0.203808, 0.200000,0.003808
data_trans2.lifcc.SH.SigRCmaxDP_ErPlus_modRvia_125c.setup.func.noxtalk.noocv.rpt,lifcc_gate_tessent_tdr_MEM_PROGRAMMABLE_BITs_inst/tdr_reg_14_/SI, in, 0.203808, 0.163802, 0.203808, 0.200000,0.003808
data_trans2.lifcc.SH.SigRCmaxDP_ErPlus_modRvia_125c.setup.func.noxtalk.noocv.rpt,lifcc_gate_tessent_tdr_MEM_PROGRAMMABLE_BITs_inst/tdr_reg_27_/SI, in, 0.203808, 0.163802, 0.203808, 0.200000,0.003808
data_trans2.lifcc.SH.SigRCmaxDP_ErPlus_modRvia_125c.setup.func.noxtalk.noocv.rpt,lifcc_gate_tessent_tdr_MEM_PROGRAMMABLE_BITs_inst/tdr_reg_15_/SI, in, 0.203808, 0.163802, 0.203808, 0.200000,0.003808
data_trans2.lifcc.SH.SigRCmaxDP_ErPlus_modRvia_125c.setup.func.noxtalk.noocv.rpt,lifcc_gate_tessent_tdr_MEM_PROGRAMMABLE_BITs_inst/tdr_reg_25_/SI, in, 0.203808, 0.163802, 0.203808, 0.200000,0.003808
data_trans2.lifcc.SH.SigRCmaxDP_ErPlus_modRvia_125c.setup.func.noxtalk.noocv.rpt,lifcc_gate_tessent_tdr_MEM_PROGRAMMABLE_BITs_inst/tdr_latch27_reg/SI, in, 0.203808, 0.163802, 0.203808, 0.200000,0.003808
data_trans2.lifcc.SH.SigRCmaxDP_ErPlus_modRvia_125c.setup.func.noxtalk.noocv.rpt,lifcc_gate_tessent_tdr_MEM_PROGRAMMABLE_BITs_inst/tdr_latch25_reg/SI, in, 0.203808, 0.163802, 0.203808, 0.200000,0.003808
data_trans2.lifcc.SH.SigRCmaxDP_ErPlus_modRvia_125c.setup.func.noxtalk.noocv.rpt,lifcc_gate_tessent_tdr_MEM_PROGRAMMABLE_BITs_inst/tdr_latch9_reg/SI, in, 0.203808, 0.163802, 0.203808, 0.200000,0.003808
data_trans2.lifcc.SH.SigRCmaxDP_ErPlus_modRvia_125c.setup.func.noxtalk.noocv.rpt,lifcc_gate_tessent_tdr_MEM_PROGRAMMABLE_BITs_inst/tdr_latch15_reg/SI, in, 0.203808, 0.163802, 0.203808, 0.200000,0.003808
data_trans2.lifcc.SH.SigRCmaxDP_ErPlus_modRvia_125c.setup.func.noxtalk.noocv.rpt,lifcc_gate_tessent_tdr_MEM_PROGRAMMABLE_BITs_inst/tdr_latch13_reg/SI, in, 0.203808, 0.163802, 0.203808, 0.200000,0.003808
data_trans2.lifcc.SH.SigRCmaxDP_ErPlus_modRvia_125c.setup.func.noxtalk.noocv.rpt,lifcc_gate_tessent_tdr_MEM_PROGRAMMABLE_BITs_inst/tdr_latch11_reg/SI, in, 0.203808, 0.163802, 0.203808, 0.200000,0.003808
data_trans2.lifcc.SH.SigRCmaxDP_ErPlus_modRvia_125c.setup.func.noxtalk.noocv.rpt,lifcc_gate_tessent_tdr_MEM_PROGRAMMABLE_BITs_inst/tdr_latch26_reg/SI, in, 0.203808, 0.163802, 0.203808, 0.200000,0.003808
data_trans2.lifcc.SH.SigRCmaxDP_ErPlus_modRvia_125c.setup.func.noxtalk.noocv.rpt,lifcc_gate_tessent_tdr_MEM_PROGRAMMABLE_BITs_inst/tdr_latch14_reg/SI, in, 0.203808, 0.163802, 0.203808, 0.200000,0.003808
data_trans2.lifcc.SH.SigRCmaxDP_ErPlus_modRvia_125c.setup.func.noxtalk.noocv.rpt,lifcc_gate_tessent_tdr_MEM_PROGRAMMABLE_BITs_inst/PO_AINV_P_381234/Y, out, 0.203808, 0.163802, 0.203808, 0.200000,0.003808
data_trans2.lifcc.SH.SigRCmaxDP_ErPlus_modRvia_125c.setup.func.noxtalk.noocv.rpt,lifcc_gate_tessent_tdr_MEM_PROGRAMMABLE_BITs_inst/tdr_latch12_reg/SI, in, 0.203808, 0.163802, 0.203808, 0.200000,0.003808
data_trans2.lifcc.SH.SigRCmaxDP_ErPlus_modRvia_125c.setup.func.noxtalk.noocv.rpt,serdes_s4_lifc_u0/sbphys2a1s14lpp28g4l1c_phy_u0/i_dpl/i_dpl_core/i_ln2/i_bist_tx_top/U209/A0, in, 0.203476, 0.148885, 0.203476, 0.200000,0.003476
data_trans2.lifcc.SH.SigRCmaxDP_ErPlus_modRvia_125c.setup.func.noxtalk.noocv.rpt,serdes_s4_lifc_u0/sbphys2a1s14lpp28g4l1c_phy_u0/i_dpl/i_dpl_core/i_ln2/i_bist_tx_top/U72/A0, in, 0.203248, 0.148802, 0.203248, 0.200000,0.003248
data_trans2.lifcc.SH.SigRCmaxDP_ErPlus_modRvia_125c.setup.func.noxtalk.noocv.rpt,serdes_s4_lifc_u0/sbphys2a1s14lpp28g4l1c_phy_u0/i_dpl/i_dpl_core/i_ln2/i_bist_tx_top/U74/A0, in, 0.202340, 0.148527, 0.202340, 0.200000,0.00234
data_trans2.lifcc.SH.SigRCmaxDP_ErPlus_modRvia_125c.setup.func.noxtalk.noocv.rpt,serdes_s4_lifc_u0/sbphys2a1s14lpp28g4l1c_phy_u0/i_dpl/i_dpl_core/i_ln2/i_bist_tx_top/U206/A0, in, 0.201822, 0.147416, 0.201822, 0.200000,0.001822
data_trans2.lifcc.SH.SigRCmaxDP_ErPlus_modRvia_125c.setup.func.noxtalk.noocv.rpt,cfg/led_signal_sync_u0/PSU2_6__pulse_sampling_u2/PO_SGI23_383944/A, in, 0.201260, 0.190570, 0.201260, 0.200000,0.00126
data_trans2.lifcc.SH.SigRCmaxDP_ErPlus_modRvia_125c.setup.func.noxtalk.noocv.rpt,serdes_s4_lifc_u0/sbphys2a1s14lpp28g4l1c_phy_u0/i_dpl/i_dpl_core/i_ln2/i_bist_tx_top/U68/A0, in, 0.201242, 0.147182, 0.201242, 0.200000,0.001242
data_trans2.lifcc.SH.SigRCmaxDP_ErPlus_modRvia_125c.setup.func.noxtalk.noocv.rpt,cfg/led_signal_sync_u0/PSU2_6__pulse_sampling_u2/PO_SGI20_383942/Y, out, 0.201238, 0.190452, 0.201238, 0.200000,0.001238
data_trans2.lifcc.SH.SigRCmaxDP_ErPlus_modRvia_125c.setup.func.noxtalk.noocv.rpt,serdes_s4_lifc_u0/sbphys2a1s14lpp28g4l1c_phy_u0/i_dpl/i_dpl_core/i_ln2/i_bist_tx_top/U70/A0, in, 0.201150, 0.147128, 0.201150, 0.200000,0.00115
data_trans2.lifcc.SH.SigRCmaxDP_ErPlus_modRvia_125c.setup.func.noxtalk.noocv.rpt,serdes_s4_lifc_u0/sbphys2a1s14lpp28g4l1c_phy_u0/i_dpl/i_dpl_core/i_ln2/i_bist_tx_top/U37/A0, in, 0.200970, 0.148001, 0.200970, 0.200000,0.00097
data_trans2.lifcc.SH.SigRCmaxDP_ErPlus_modRvia_125c.setup.func.noxtalk.noocv.rpt,serdes_s4_lifc_u0/sbphys2a1s14lpp28g4l1c_phy_u0/i_dpl/i_dpl_core/i_ln2/i_bist_tx_top/U36/A0, in, 0.200045, 0.147531, 0.200045, 0.200000,4.5e-05
data_trans2.lifcc.SH.SigRCmaxDP_ErPlus_modRvia_125c.setup.func.noxtalk.noocv.rpt,cfg/cfg_pcie_top/pcie_wrapper_u0/u_pma/RXP2, in, 0.200000, 0.200000, 0.200000, 0.100000,0.1
data_trans2.lifcc.SH.SigRCmaxDP_ErPlus_modRvia_125c.setup.func.noxtalk.noocv.rpt,cfg/cfg_pcie_top/pcie_wrapper_u0/u_pma/RXP3, in, 0.200000, 0.200000, 0.200000, 0.100000,0.1
data_trans2.lifcc.SH.SigRCmaxDP_ErPlus_modRvia_125c.setup.func.noxtalk.noocv.rpt,cfg/cfg_pcie_top/pcie_wrapper_u0/u_pma/RXP2, in, 0.200000, 0.200000, 0.200000, 0.100000,0.1
data_trans2.lifcc.SH.SigRCmaxDP_ErPlus_modRvia_125c.setup.func.noxtalk.noocv.rpt,cfg/cfg_pcie_top/pcie_wrapper_u0/u_pma/RXP3, in, 0.200000, 0.200000, 0.200000, 0.100000,0.1
data_trans2.lifcc.SH.SigRCmaxDP_ErPlus_modRvia_125c.setup.func.noxtalk.noocv.rpt,serdes_s4_lifc_u0/sbphys2a1s14lpp28g4l1c_phy_u0/i_afe/afe_sr_atest_sel_i[5], in, 0.149389, 0.165659, 0.165659, 0.151700,0.013959
data_trans2.lifcc.SH.SigRCmaxDP_ErPlus_modRvia_125c.setup.func.noxtalk.noocv.rpt,serdes_s4_lifc_u0/sbphys2a1s14lpp28g4l1c_phy_u0/i_afe/afe_dr_acal_sel_i[1], in, 0.143821, 0.159225, 0.159225, 0.150000,0.009225
data_trans2.lifcc.SH.SigRCmaxDP_ErPlus_modRvia_125c.setup.func.noxtalk.noocv.rpt,serdes_s4_lifc_u0/sbphys2a1s14lpp28g4l1c_phy_u0/i_afe/afe_dr_acal_sel_i[0], in, 0.137027, 0.152137, 0.152137, 0.150000,0.002137
data_trans2.lifcc.SH.SigCmaxDP_ErPlus_modRvia_125c.setup.func.noxtalk.noocv.rpt,serdes_s4_lifc_u0/sbphys2a1s14lpp28g4l1c_phy_u0/BLOCK_BUFFER_IN_CLK_20/A, in, 3.797090, 3.806400, 3.806400, 0.200000,3.6064
data_trans2.lifcc.SH.SigCmaxDP_ErPlus_modRvia_125c.setup.func.noxtalk.noocv.rpt,esi_dft_occ_wrap_SERDES_scan_clk_ln1_rxdiv_i/pll_clk_ATibuf_i101/A, in, 1.756086, 1.757399, 1.757399, 0.200000,1.5574
data_trans2.lifcc.SH.SigCmaxDP_ErPlus_modRvia_125c.setup.func.noxtalk.noocv.rpt,serdes_s4_lifc_u0/sbphys2a1s14lpp28g4l1c_phy_u0/BLOCK_BUFFER_IN_CLK_21/A, in, 1.502949, 1.499277, 1.502949, 0.200000,1.3029
data_trans2.lifcc.SH.SigCmaxDP_ErPlus_modRvia_125c.setup.func.noxtalk.noocv.rpt,diode445104/A, in, 1.400095, 1.372030, 1.400095, 0.200000,1.2001
data_trans2.lifcc.SH.SigCmaxDP_ErPlus_modRvia_125c.setup.func.noxtalk.noocv.rpt,BLOCK_BUFFER_OUT_391/A, in, 1.400082, 1.372026, 1.400082, 0.200000,1.2001
data_trans2.lifcc.SH.SigCmaxDP_ErPlus_modRvia_125c.setup.func.noxtalk.noocv.rpt,diode445109/A, in, 1.394177, 1.385653, 1.394177, 0.200000,1.1942
data_trans2.lifcc.SH.SigCmaxDP_ErPlus_modRvia_125c.setup.func.noxtalk.noocv.rpt,BLOCK_BUFFER_OUT_385/A, in, 1.394172, 1.385647, 1.394172, 0.200000,1.1942
data_trans2.lifcc.SH.SigCmaxDP_ErPlus_modRvia_125c.setup.func.noxtalk.noocv.rpt,serdes_s4_lifc_u0/sbphys2a1s14lpp28g4l1c_phy_u0/BLOCK_BUFFER_IN_CLK_17/A, in, 1.215524, 1.213313, 1.215524, 0.200000,1.0155
data_trans2.lifcc.SH.SigCmaxDP_ErPlus_modRvia_125c.setup.func.noxtalk.noocv.rpt,diode445103/A, in, 1.170101, 1.102376, 1.170101, 0.200000,0.9701
data_trans2.lifcc.SH.SigCmaxDP_ErPlus_modRvia_125c.setup.func.noxtalk.noocv.rpt,BLOCK_BUFFER_OUT_386/A, in, 1.170105, 1.102377, 1.170105, 0.200000,0.9701
data_trans2.lifcc.SH.SigCmaxDP_ErPlus_modRvia_125c.setup.func.noxtalk.noocv.rpt,diode445105/A, in, 0.954969, 0.939136, 0.954969, 0.200000,0.75497
data_trans2.lifcc.SH.SigCmaxDP_ErPlus_modRvia_125c.setup.func.noxtalk.noocv.rpt,BLOCK_BUFFER_OUT_392/A, in, 0.954973, 0.939134, 0.954973, 0.200000,0.75497
data_trans2.lifcc.SH.SigCmaxDP_ErPlus_modRvia_125c.setup.func.noxtalk.noocv.rpt,esi_dft_occ_wrap_SERDES_scan_clk_ln2_rx_i/pll_clk_ATibuf_i101/A, in, 0.894620, 0.890358, 0.894620, 0.200000,0.69462
data_trans2.lifcc.SH.SigCmaxDP_ErPlus_modRvia_125c.setup.func.noxtalk.noocv.rpt,esi_dft_occ_wrap_SERDES_scan_clk_ln2_rxdiv_i/pll_clk_ATibuf_i101/A, in, 0.875525, 0.876267, 0.876267, 0.200000,0.67627
data_trans2.lifcc.SH.SigCmaxDP_ErPlus_modRvia_125c.setup.func.noxtalk.noocv.rpt,BLOCK_BUFFER_OUT_389/A, in, 0.862183, 0.812169, 0.862183, 0.200000,0.66218
data_trans2.lifcc.SH.SigCmaxDP_ErPlus_modRvia_125c.setup.func.noxtalk.noocv.rpt,diode458722/A, in, 0.862182, 0.812171, 0.862182, 0.200000,0.66218
data_trans2.lifcc.SH.SigCmaxDP_ErPlus_modRvia_125c.setup.func.noxtalk.noocv.rpt,BLOCK_BUFFER_OUT_387/A, in, 0.770343, 0.756436, 0.770343, 0.200000,0.57034
data_trans2.lifcc.SH.SigCmaxDP_ErPlus_modRvia_125c.setup.func.noxtalk.noocv.rpt,diode445108/A, in, 0.770340, 0.756433, 0.770340, 0.200000,0.57034
data_trans2.lifcc.SH.SigCmaxDP_ErPlus_modRvia_125c.setup.func.noxtalk.noocv.rpt,BLOCK_BUFFER_OUT_394/A, in, 0.725324, 0.678153, 0.725324, 0.200000,0.52532
data_trans2.lifcc.SH.SigCmaxDP_ErPlus_modRvia_125c.setup.func.noxtalk.noocv.rpt,diode443931/A, in, 0.725329, 0.678157, 0.725329, 0.200000,0.52533
data_trans2.lifcc.SH.SigCmaxDP_ErPlus_modRvia_125c.setup.func.noxtalk.noocv.rpt,diode445107/A, in, 0.712889, 0.706308, 0.712889, 0.200000,0.51289
data_trans2.lifcc.SH.SigCmaxDP_ErPlus_modRvia_125c.setup.func.noxtalk.noocv.rpt,BLOCK_BUFFER_OUT_383/A, in, 0.712888, 0.706308, 0.712888, 0.200000,0.51289
data_trans2.lifcc.SH.SigCmaxDP_ErPlus_modRvia_125c.setup.func.noxtalk.noocv.rpt,BLOCK_BUFFER_OUT_388/A, in, 0.684231, 0.661955, 0.684231, 0.200000,0.48423
data_trans2.lifcc.SH.SigCmaxDP_ErPlus_modRvia_125c.setup.func.noxtalk.noocv.rpt,diode445110/A, in, 0.684225, 0.661951, 0.684225, 0.200000,0.48422
data_trans2.lifcc.SH.SigCmaxDP_ErPlus_modRvia_125c.setup.func.noxtalk.noocv.rpt,BLOCK_BUFFER_OUT_384/A, in, 0.591007, 0.571000, 0.591007, 0.200000,0.39101
data_trans2.lifcc.SH.SigCmaxDP_ErPlus_modRvia_125c.setup.func.noxtalk.noocv.rpt,diode457333/A, in, 0.590996, 0.571000, 0.590996, 0.200000,0.391
data_trans2.lifcc.SH.SigCmaxDP_ErPlus_modRvia_125c.setup.func.noxtalk.noocv.rpt,BLOCK_BUFFER_OUT_393/A, in, 0.573871, 0.570548, 0.573871, 0.200000,0.37387
data_trans2.lifcc.SH.SigCmaxDP_ErPlus_modRvia_125c.setup.func.noxtalk.noocv.rpt,diode445111/A, in, 0.573871, 0.570544, 0.573871, 0.200000,0.37387
data_trans2.lifcc.SH.SigCmaxDP_ErPlus_modRvia_125c.setup.func.noxtalk.noocv.rpt,serdes_s4_lifc_u0/sbphys2a1s14lpp28g4l1c_phy_u0/BLOCK_BUFFER_IN_CLK_23/A, in, 0.557449, 0.556507, 0.557449, 0.200000,0.35745
data_trans2.lifcc.SH.SigCmaxDP_ErPlus_modRvia_125c.setup.func.noxtalk.noocv.rpt,BLOCK_BUFFER_OUT_390/A, in, 0.555244, 0.542717, 0.555244, 0.200000,0.35524
data_trans2.lifcc.SH.SigCmaxDP_ErPlus_modRvia_125c.setup.func.noxtalk.noocv.rpt,diode445106/A, in, 0.555242, 0.542697, 0.555242, 0.200000,0.35524
data_trans2.lifcc.SH.SigCmaxDP_ErPlus_modRvia_125c.setup.func.noxtalk.noocv.rpt,esi_dft_occ_wrap_SERDES_scan_clk_ln3_rx_i/pll_clk_ATibuf_i101/A, in, 0.521921, 0.522216, 0.522216, 0.200000,0.32222
data_trans2.lifcc.SH.SigCmaxDP_ErPlus_modRvia_125c.setup.func.noxtalk.noocv.rpt,serdes_s4_lifc_u0/sbphys2a1s14lpp28g4l1c_phy_u0/BLOCK_BUFFER_IN_CLK_22/A, in, 0.450913, 0.462916, 0.462916, 0.200000,0.26292
data_trans2.lifcc.SH.SigCmaxDP_ErPlus_modRvia_125c.setup.func.noxtalk.noocv.rpt,serdes_s4_lifc_u0/sbphys2a1s14lpp28g4l1c_phy_u0/BLOCK_BUFFER_IN_CLK_19/A, in, 0.462885, 0.461859, 0.462885, 0.200000,0.26288
data_trans2.lifcc.SH.SigCmaxDP_ErPlus_modRvia_125c.setup.func.noxtalk.noocv.rpt,serdes_s4_lifc_u0/serdes_s4_crm_lifc_u0/U11/A0, in, 0.429911, 0.428900, 0.429911, 0.200000,0.22991
data_trans2.lifcc.SH.SigCmaxDP_ErPlus_modRvia_125c.setup.func.noxtalk.noocv.rpt,serdes_s4_lifc_u0/serdes_s4_crm_lifc_u0/npe_synchronizer_u3/SDFFYRPQ2D_INST_3__SDFFYRPQ2D/D, in, 0.429895, 0.428890, 0.429895, 0.200000,0.2299
data_trans2.lifcc.SH.SigCmaxDP_ErPlus_modRvia_125c.setup.func.noxtalk.noocv.rpt,esi_dft_occ_wrap_SERDES_scan_clk_pll2ref_i/pll_clk_ATibuf_i101/A, in, 0.343505, 0.338700, 0.343505, 0.200000,0.1435
data_trans2.lifcc.SH.SigCmaxDP_ErPlus_modRvia_125c.setup.func.noxtalk.noocv.rpt,serdes_s4_lifc_u0/sbphys2a1s14lpp28g4l1c_phy_u0/i_dpl/RO_ropt_d_inst_322391/Y, out, 0.338493, 0.242891, 0.338493, 0.200000,0.13849
data_trans2.lifcc.SH.SigCmaxDP_ErPlus_modRvia_125c.setup.func.noxtalk.noocv.rpt,cfg/cfg_pcie_top/pcie_wrapper_u0/u_pcs_lane1_wrapper/u_pcs_pcie_core/i_pcs_pcie_lane_control0/RO_ropt_mt_inst_447082/A, in, 0.337280, 0.337188, 0.337280, 0.200000,0.13728
data_trans2.lifcc.SH.SigCmaxDP_ErPlus_modRvia_125c.setup.func.noxtalk.noocv.rpt,serdes_s4_lifc_u0/sbphys2a1s14lpp28g4l1c_phy_u0/i_dpl/RO_ropt_d_inst_322352/Y, out, 0.336225, 0.245784, 0.336225, 0.200000,0.13622
data_trans2.lifcc.SH.SigCmaxDP_ErPlus_modRvia_125c.setup.func.noxtalk.noocv.rpt,serdes_s4_lifc_u0/serdes_s4_cfg_lifc_u0/U845/B, in, 0.318623, 0.319330, 0.319330, 0.200000,0.11933
data_trans2.lifcc.SH.SigCmaxDP_ErPlus_modRvia_125c.setup.func.noxtalk.noocv.rpt,lifcc_gate_tessent_tdr_MEM_PROGRAMMABLE_BITs_inst/tdr_reg_88_/SI, in, 0.288428, 0.188266, 0.288428, 0.200000,0.088428
data_trans2.lifcc.SH.SigCmaxDP_ErPlus_modRvia_125c.setup.func.noxtalk.noocv.rpt,lifcc_gate_tessent_tdr_MEM_PROGRAMMABLE_BITs_inst/tdr_reg_86_/SI, in, 0.288428, 0.188266, 0.288428, 0.200000,0.088428
data_trans2.lifcc.SH.SigCmaxDP_ErPlus_modRvia_125c.setup.func.noxtalk.noocv.rpt,lifcc_gate_tessent_tdr_MEM_PROGRAMMABLE_BITs_inst/tdr_reg_84_/SI, in, 0.288428, 0.188266, 0.288428, 0.200000,0.088428
data_trans2.lifcc.SH.SigCmaxDP_ErPlus_modRvia_125c.setup.func.noxtalk.noocv.rpt,lifcc_gate_tessent_tdr_MEM_PROGRAMMABLE_BITs_inst/tdr_reg_82_/SI, in, 0.288428, 0.188266, 0.288428, 0.200000,0.088428
data_trans2.lifcc.SH.SigCmaxDP_ErPlus_modRvia_125c.setup.func.noxtalk.noocv.rpt,lifcc_gate_tessent_tdr_MEM_PROGRAMMABLE_BITs_inst/tdr_reg_87_/SI, in, 0.288428, 0.188266, 0.288428, 0.200000,0.088428
data_trans2.lifcc.SH.SigCmaxDP_ErPlus_modRvia_125c.setup.func.noxtalk.noocv.rpt,lifcc_gate_tessent_tdr_MEM_PROGRAMMABLE_BITs_inst/tdr_reg_85_/SI, in, 0.288428, 0.188266, 0.288428, 0.200000,0.088428
data_trans2.lifcc.SH.SigCmaxDP_ErPlus_modRvia_125c.setup.func.noxtalk.noocv.rpt,lifcc_gate_tessent_tdr_MEM_PROGRAMMABLE_BITs_inst/tdr_reg_83_/SI, in, 0.288428, 0.188266, 0.288428, 0.200000,0.088428
data_trans2.lifcc.SH.SigCmaxDP_ErPlus_modRvia_125c.setup.func.noxtalk.noocv.rpt,lifcc_gate_tessent_tdr_MEM_PROGRAMMABLE_BITs_inst/tdr_latch86_reg/SI, in, 0.288428, 0.188266, 0.288428, 0.200000,0.088428
data_trans2.lifcc.SH.SigCmaxDP_ErPlus_modRvia_125c.setup.func.noxtalk.noocv.rpt,lifcc_gate_tessent_tdr_MEM_PROGRAMMABLE_BITs_inst/tdr_latch89_reg/SI, in, 0.288428, 0.188266, 0.288428, 0.200000,0.088428
data_trans2.lifcc.SH.SigCmaxDP_ErPlus_modRvia_125c.setup.func.noxtalk.noocv.rpt,lifcc_gate_tessent_tdr_MEM_PROGRAMMABLE_BITs_inst/PO_AINV_P_381265/Y, out, 0.288428, 0.188266, 0.288428, 0.200000,0.088428
data_trans2.lifcc.SH.SigCmaxDP_ErPlus_modRvia_125c.setup.func.noxtalk.noocv.rpt,lifcc_gate_tessent_tdr_MEM_PROGRAMMABLE_BITs_inst/tdr_reg_89_/SI, in, 0.288428, 0.188266, 0.288428, 0.200000,0.088428
data_trans2.lifcc.SH.SigCmaxDP_ErPlus_modRvia_125c.setup.func.noxtalk.noocv.rpt,lifcc_gate_tessent_tdr_MEM_PROGRAMMABLE_BITs_inst/tdr_latch88_reg/SI, in, 0.288428, 0.188266, 0.288428, 0.200000,0.088428
data_trans2.lifcc.SH.SigCmaxDP_ErPlus_modRvia_125c.setup.func.noxtalk.noocv.rpt,lifcc_gate_tessent_tdr_MEM_PROGRAMMABLE_BITs_inst/tdr_latch87_reg/SI, in, 0.288428, 0.188266, 0.288428, 0.200000,0.088428
data_trans2.lifcc.SH.SigCmaxDP_ErPlus_modRvia_125c.setup.func.noxtalk.noocv.rpt,lifcc_gate_tessent_tdr_MEM_PROGRAMMABLE_BITs_inst/tdr_latch84_reg/SI, in, 0.288428, 0.188266, 0.288428, 0.200000,0.088428
data_trans2.lifcc.SH.SigCmaxDP_ErPlus_modRvia_125c.setup.func.noxtalk.noocv.rpt,lifcc_gate_tessent_tdr_MEM_PROGRAMMABLE_BITs_inst/tdr_latch82_reg/SI, in, 0.288428, 0.188266, 0.288428, 0.200000,0.088428
data_trans2.lifcc.SH.SigCmaxDP_ErPlus_modRvia_125c.setup.func.noxtalk.noocv.rpt,lifcc_gate_tessent_tdr_MEM_PROGRAMMABLE_BITs_inst/tdr_latch85_reg/SI, in, 0.288428, 0.188266, 0.288428, 0.200000,0.088428
data_trans2.lifcc.SH.SigCmaxDP_ErPlus_modRvia_125c.setup.func.noxtalk.noocv.rpt,lifcc_gate_tessent_tdr_MEM_PROGRAMMABLE_BITs_inst/tdr_latch83_reg/SI, in, 0.288428, 0.188266, 0.288428, 0.200000,0.088428
data_trans2.lifcc.SH.SigCmaxDP_ErPlus_modRvia_125c.setup.func.noxtalk.noocv.rpt,lifcc_gate_tessent_tdr_MEM_PROGRAMMABLE_BITs_inst/PO_AINV_P_381251/A, in, 0.288428, 0.188266, 0.288428, 0.200000,0.088428
data_trans2.lifcc.SH.SigCmaxDP_ErPlus_modRvia_125c.setup.func.noxtalk.noocv.rpt,lifcc_gate_tessent_tdr_MEM_PROGRAMMABLE_BITs_inst/PO_AINV_P_381254/A, in, 0.288428, 0.188266, 0.288428, 0.200000,0.088428
data_trans2.lifcc.SH.SigCmaxDP_ErPlus_modRvia_125c.setup.func.noxtalk.noocv.rpt,serdes_s4_lifc_u0/RO_ropt_mt_inst_457335/A, in, 0.281955, 0.280825, 0.281955, 0.200000,0.081955
data_trans2.lifcc.SH.SigCmaxDP_ErPlus_modRvia_125c.setup.func.noxtalk.noocv.rpt,lifcc_gate_tessent_tdr_MEM_PROGRAMMABLE_BITs_inst/PO_AINV_P_381236/A, in, 0.279025, 0.213917, 0.279025, 0.200000,0.079025
data_trans2.lifcc.SH.SigCmaxDP_ErPlus_modRvia_125c.setup.func.noxtalk.noocv.rpt,lifcc_gate_tessent_tdr_MEM_PROGRAMMABLE_BITs_inst/PO_AINV_P_381235/A, in, 0.279025, 0.213917, 0.279025, 0.200000,0.079025
data_trans2.lifcc.SH.SigCmaxDP_ErPlus_modRvia_125c.setup.func.noxtalk.noocv.rpt,lifcc_gate_tessent_tdr_MEM_PROGRAMMABLE_BITs_inst/PO_AINV_P_381224/A, in, 0.279025, 0.213917, 0.279025, 0.200000,0.079025
data_trans2.lifcc.SH.SigCmaxDP_ErPlus_modRvia_125c.setup.func.noxtalk.noocv.rpt,lifcc_gate_tessent_tdr_MEM_PROGRAMMABLE_BITs_inst/PO_AINV_P_381216/A, in, 0.279025, 0.213917, 0.279025, 0.200000,0.079025
data_trans2.lifcc.SH.SigCmaxDP_ErPlus_modRvia_125c.setup.func.noxtalk.noocv.rpt,lifcc_gate_tessent_tdr_MEM_PROGRAMMABLE_BITs_inst/PO_AINV_P_381237/A, in, 0.279025, 0.213917, 0.279025, 0.200000,0.079025
data_trans2.lifcc.SH.SigCmaxDP_ErPlus_modRvia_125c.setup.func.noxtalk.noocv.rpt,lifcc_gate_tessent_tdr_MEM_PROGRAMMABLE_BITs_inst/PO_AINV_P_381251/Y, out, 0.279025, 0.213917, 0.279025, 0.200000,0.079025
data_trans2.lifcc.SH.SigCmaxDP_ErPlus_modRvia_125c.setup.func.noxtalk.noocv.rpt,lifcc_gate_tessent_tdr_MEM_PROGRAMMABLE_BITs_inst/PO_AINV_P_381234/A, in, 0.279025, 0.213917, 0.279025, 0.200000,0.079025
data_trans2.lifcc.SH.SigCmaxDP_ErPlus_modRvia_125c.setup.func.noxtalk.noocv.rpt,serdes_s4_lifc_u0/serdes_s4_cfg_lifc_u0/U846/B, in, 0.267239, 0.267736, 0.267736, 0.200000,0.067736
data_trans2.lifcc.SH.SigCmaxDP_ErPlus_modRvia_125c.setup.func.noxtalk.noocv.rpt,cfg/cfg_pcie_top/pcie_wrapper_u0/U_mem_intf/u_replay_buffer/ues_gmem_1r1w_1clk/mem_wrapper_gmem/pmem0_y0_x0/t_bypass, in, 0.255814, 0.110111, 0.255814, 0.200000,0.055814
data_trans2.lifcc.SH.SigCmaxDP_ErPlus_modRvia_125c.setup.func.noxtalk.noocv.rpt,lifcc_gate_tessent_tdr_MEM_PROGRAMMABLE_BITs_inst/PO_AINV_P_381252/Y, out, 0.253856, 0.165893, 0.253856, 0.200000,0.053856
data_trans2.lifcc.SH.SigCmaxDP_ErPlus_modRvia_125c.setup.func.noxtalk.noocv.rpt,lifcc_gate_tessent_tdr_MEM_PROGRAMMABLE_BITs_inst/PO_AINV_P_381247/A, in, 0.253856, 0.165893, 0.253856, 0.200000,0.053856
data_trans2.lifcc.SH.SigCmaxDP_ErPlus_modRvia_125c.setup.func.noxtalk.noocv.rpt,serdes_s4_lifc_u0/pmem_dmem_wrapper_u0/genvar_data_mem_1__serdes_s4_dmem_ecc_ram_1r1w_4608x8_wrapper_u0/ues_gmem_1r1w_1clk/mem_wrapper_gmem/pmem0_y0_x0/t_bypass, in, 0.241280, 0.096182, 0.241280, 0.200000,0.04128
data_trans2.lifcc.SH.SigCmaxDP_ErPlus_modRvia_125c.setup.func.noxtalk.noocv.rpt,serdes_s4_lifc_u0/pmem_dmem_wrapper_u0/genvar_data_mem_0__serdes_s4_dmem_ecc_ram_1r1w_4608x8_wrapper_u0/ues_gmem_1r1w_1clk/mem_wrapper_gmem/pmem0_y0_x0/t_bypass, in, 0.240641, 0.099992, 0.240641, 0.200000,0.040641
data_trans2.lifcc.SH.SigCmaxDP_ErPlus_modRvia_125c.setup.func.noxtalk.noocv.rpt,cfg/cfg_pcie_top/pcie_wrapper_u0/U_mem_intf/u_pnp_fifo/ues_gmem_1r1w_1clk/mem_wrapper_gmem/pmem0_y0_x0/t_bypass, in, 0.239433, 0.101308, 0.239433, 0.200000,0.039433
data_trans2.lifcc.SH.SigCmaxDP_ErPlus_modRvia_125c.setup.func.noxtalk.noocv.rpt,serdes_s4_lifc_u0/mem2apb_u0/PO_BINV_R_374026/Y, out, 0.237103, 0.142314, 0.237103, 0.200000,0.037103
data_trans2.lifcc.SH.SigCmaxDP_ErPlus_modRvia_125c.setup.func.noxtalk.noocv.rpt,serdes_s4_lifc_u0/mem2apb_u0/PO_BINV_R_374025/A, in, 0.237058, 0.142356, 0.237058, 0.200000,0.037058
data_trans2.lifcc.SH.SigCmaxDP_ErPlus_modRvia_125c.setup.func.noxtalk.noocv.rpt,serdes_s4_lifc_u0/pmem_dmem_wrapper_u0/genvar_data_mem_3__serdes_s4_dmem_ecc_ram_1r1w_4608x8_wrapper_u0/ues_gmem_1r1w_1clk/mem_wrapper_gmem/pmem0_y0_x0/t_bypass, in, 0.236884, 0.099994, 0.236884, 0.200000,0.036884
data_trans2.lifcc.SH.SigCmaxDP_ErPlus_modRvia_125c.setup.func.noxtalk.noocv.rpt,serdes_s4_lifc_u0/sbphys2a1s14lpp28g4l1c_phy_u0/Upteco_drc__December09__PTECO_DRC_BUF59/A, in, 0.232514, 0.205552, 0.232514, 0.200000,0.032514
data_trans2.lifcc.SH.SigCmaxDP_ErPlus_modRvia_125c.setup.func.noxtalk.noocv.rpt,serdes_s4_lifc_u0/pmem_dmem_wrapper_u0/genvar_data_mem_2__serdes_s4_dmem_ecc_ram_1r1w_4608x8_wrapper_u0/ues_gmem_1r1w_1clk/mem_wrapper_gmem/pmem0_y0_x0/t_bypass, in, 0.230063, 0.094973, 0.230063, 0.200000,0.030063
data_trans2.lifcc.SH.SigCmaxDP_ErPlus_modRvia_125c.setup.func.noxtalk.noocv.rpt,serdes_s4_lifc_u0/serdes_s4_cfg_lifc_u0/PO_AINV_P_80439/Y, out, 0.224634, 0.194013, 0.224634, 0.200000,0.024634
data_trans2.lifcc.SH.SigCmaxDP_ErPlus_modRvia_125c.setup.func.noxtalk.noocv.rpt,serdes_s4_lifc_u0/sbphys2a1s14lpp28g4l1c_phy_u0/i_dpl/i_dpl_core/genblk1_7__i_sync_tbus_data/z_r_reg/D, in, 0.221206, 0.195573, 0.221206, 0.200000,0.021206
data_trans2.lifcc.SH.SigCmaxDP_ErPlus_modRvia_125c.setup.func.noxtalk.noocv.rpt,cfg/led_signal_sync_u0/PSU3_0__pulse_sampling_u3/PO_SGI23_384014/A, in, 0.220844, 0.220775, 0.220844, 0.200000,0.020844
data_trans2.lifcc.SH.SigCmaxDP_ErPlus_modRvia_125c.setup.func.noxtalk.noocv.rpt,cfg/led_signal_sync_u0/PSU3_0__pulse_sampling_u3/PO_SGI20_384012/Y, out, 0.220685, 0.220812, 0.220812, 0.200000,0.020812
data_trans2.lifcc.SH.SigCmaxDP_ErPlus_modRvia_125c.setup.func.noxtalk.noocv.rpt,lifcc_gate_tessent_tdr_MEM_PROGRAMMABLE_BITs_inst/PO_AINV_P_381254/Y, out, 0.218360, 0.180880, 0.218360, 0.200000,0.01836
data_trans2.lifcc.SH.SigCmaxDP_ErPlus_modRvia_125c.setup.func.noxtalk.noocv.rpt,lifcc_gate_tessent_tdr_MEM_PROGRAMMABLE_BITs_inst/PO_AINV_P_381227/A, in, 0.218360, 0.180880, 0.218360, 0.200000,0.01836
data_trans2.lifcc.SH.SigCmaxDP_ErPlus_modRvia_125c.setup.func.noxtalk.noocv.rpt,lifcc_gate_tessent_tdr_MEM_PROGRAMMABLE_BITs_inst/PO_AINV_P_381250/A, in, 0.218360, 0.180880, 0.218360, 0.200000,0.01836
data_trans2.lifcc.SH.SigCmaxDP_ErPlus_modRvia_125c.setup.func.noxtalk.noocv.rpt,lifcc_gate_tessent_tdr_MEM_PROGRAMMABLE_BITs_inst/PO_AINV_P_381226/A, in, 0.218360, 0.180880, 0.218360, 0.200000,0.01836
data_trans2.lifcc.SH.SigCmaxDP_ErPlus_modRvia_125c.setup.func.noxtalk.noocv.rpt,lifcc_gate_tessent_tdr_MEM_PROGRAMMABLE_BITs_inst/PO_AINV_P_381225/A, in, 0.218360, 0.180880, 0.218360, 0.200000,0.01836
data_trans2.lifcc.SH.SigCmaxDP_ErPlus_modRvia_125c.setup.func.noxtalk.noocv.rpt,cfg/led_signal_sync_u0/PSU0_14__pulse_sampling_u0/PO_SGI70_384138/Y, out, 0.216312, 0.203840, 0.216312, 0.200000,0.016312
data_trans2.lifcc.SH.SigCmaxDP_ErPlus_modRvia_125c.setup.func.noxtalk.noocv.rpt,cfg/led_signal_sync_u0/PSU0_14__pulse_sampling_u0/PO_SGI76_384140/A, in, 0.216271, 0.203882, 0.216271, 0.200000,0.016271
data_trans2.lifcc.SH.SigCmaxDP_ErPlus_modRvia_125c.setup.func.noxtalk.noocv.rpt,serdes_s4_lifc_u0/sbphys2a1s14lpp28g4l1c_phy_u0/i_dpl/i_dpl_core/i_ln2/i_dmux_txa/U81/A0, in, 0.216159, 0.156574, 0.216159, 0.200000,0.016159
data_trans2.lifcc.SH.SigCmaxDP_ErPlus_modRvia_125c.setup.func.noxtalk.noocv.rpt,serdes_s4_lifc_u0/sbphys2a1s14lpp28g4l1c_phy_u0/i_dpl/i_dpl_core/i_ln2/i_dmux_txa/U66/A0, in, 0.216055, 0.156551, 0.216055, 0.200000,0.016055
data_trans2.lifcc.SH.SigCmaxDP_ErPlus_modRvia_125c.setup.func.noxtalk.noocv.rpt,serdes_s4_lifc_u0/sbphys2a1s14lpp28g4l1c_phy_u0/i_dpl/i_dpl_core/i_top_tbus_0/U371/Y, out, 0.214333, 0.188311, 0.214333, 0.200000,0.014333
data_trans2.lifcc.SH.SigCmaxDP_ErPlus_modRvia_125c.setup.func.noxtalk.noocv.rpt,lifcc_gate_tessent_tdr_MEM_PROGRAMMABLE_BITs_inst/tdr_latch78_reg/SI, in, 0.213195, 0.172414, 0.213195, 0.200000,0.013195
data_trans2.lifcc.SH.SigCmaxDP_ErPlus_modRvia_125c.setup.func.noxtalk.noocv.rpt,lifcc_gate_tessent_tdr_MEM_PROGRAMMABLE_BITs_inst/tdr_reg_74_/SI, in, 0.213195, 0.172414, 0.213195, 0.200000,0.013195
data_trans2.lifcc.SH.SigCmaxDP_ErPlus_modRvia_125c.setup.func.noxtalk.noocv.rpt,lifcc_gate_tessent_tdr_MEM_PROGRAMMABLE_BITs_inst/tdr_latch81_reg/SI, in, 0.213195, 0.172414, 0.213195, 0.200000,0.013195
data_trans2.lifcc.SH.SigCmaxDP_ErPlus_modRvia_125c.setup.func.noxtalk.noocv.rpt,lifcc_gate_tessent_tdr_MEM_PROGRAMMABLE_BITs_inst/tdr_reg_76_/SI, in, 0.213195, 0.172414, 0.213195, 0.200000,0.013195
data_trans2.lifcc.SH.SigCmaxDP_ErPlus_modRvia_125c.setup.func.noxtalk.noocv.rpt,lifcc_gate_tessent_tdr_MEM_PROGRAMMABLE_BITs_inst/PO_AINV_P_381224/Y, out, 0.213195, 0.172414, 0.213195, 0.200000,0.013195
data_trans2.lifcc.SH.SigCmaxDP_ErPlus_modRvia_125c.setup.func.noxtalk.noocv.rpt,lifcc_gate_tessent_tdr_MEM_PROGRAMMABLE_BITs_inst/tdr_latch76_reg/SI, in, 0.213195, 0.172414, 0.213195, 0.200000,0.013195
data_trans2.lifcc.SH.SigCmaxDP_ErPlus_modRvia_125c.setup.func.noxtalk.noocv.rpt,lifcc_gate_tessent_tdr_MEM_PROGRAMMABLE_BITs_inst/tdr_reg_77_/SI, in, 0.213195, 0.172414, 0.213195, 0.200000,0.013195
data_trans2.lifcc.SH.SigCmaxDP_ErPlus_modRvia_125c.setup.func.noxtalk.noocv.rpt,lifcc_gate_tessent_tdr_MEM_PROGRAMMABLE_BITs_inst/tdr_reg_78_/SI, in, 0.213195, 0.172414, 0.213195, 0.200000,0.013195
data_trans2.lifcc.SH.SigCmaxDP_ErPlus_modRvia_125c.setup.func.noxtalk.noocv.rpt,lifcc_gate_tessent_tdr_MEM_PROGRAMMABLE_BITs_inst/tdr_reg_75_/SI, in, 0.213195, 0.172414, 0.213195, 0.200000,0.013195
data_trans2.lifcc.SH.SigCmaxDP_ErPlus_modRvia_125c.setup.func.noxtalk.noocv.rpt,lifcc_gate_tessent_tdr_MEM_PROGRAMMABLE_BITs_inst/tdr_latch74_reg/SI, in, 0.213195, 0.172414, 0.213195, 0.200000,0.013195
data_trans2.lifcc.SH.SigCmaxDP_ErPlus_modRvia_125c.setup.func.noxtalk.noocv.rpt,lifcc_gate_tessent_tdr_MEM_PROGRAMMABLE_BITs_inst/tdr_latch79_reg/SI, in, 0.213195, 0.172414, 0.213195, 0.200000,0.013195
data_trans2.lifcc.SH.SigCmaxDP_ErPlus_modRvia_125c.setup.func.noxtalk.noocv.rpt,lifcc_gate_tessent_tdr_MEM_PROGRAMMABLE_BITs_inst/tdr_reg_79_/SI, in, 0.213195, 0.172414, 0.213195, 0.200000,0.013195
data_trans2.lifcc.SH.SigCmaxDP_ErPlus_modRvia_125c.setup.func.noxtalk.noocv.rpt,lifcc_gate_tessent_tdr_MEM_PROGRAMMABLE_BITs_inst/tdr_reg_80_/SI, in, 0.213195, 0.172414, 0.213195, 0.200000,0.013195
data_trans2.lifcc.SH.SigCmaxDP_ErPlus_modRvia_125c.setup.func.noxtalk.noocv.rpt,lifcc_gate_tessent_tdr_MEM_PROGRAMMABLE_BITs_inst/tdr_reg_81_/SI, in, 0.213195, 0.172414, 0.213195, 0.200000,0.013195
data_trans2.lifcc.SH.SigCmaxDP_ErPlus_modRvia_125c.setup.func.noxtalk.noocv.rpt,lifcc_gate_tessent_tdr_MEM_PROGRAMMABLE_BITs_inst/tdr_latch77_reg/SI, in, 0.213195, 0.172414, 0.213195, 0.200000,0.013195
data_trans2.lifcc.SH.SigCmaxDP_ErPlus_modRvia_125c.setup.func.noxtalk.noocv.rpt,lifcc_gate_tessent_tdr_MEM_PROGRAMMABLE_BITs_inst/tdr_latch80_reg/SI, in, 0.213195, 0.172414, 0.213195, 0.200000,0.013195
data_trans2.lifcc.SH.SigCmaxDP_ErPlus_modRvia_125c.setup.func.noxtalk.noocv.rpt,lifcc_gate_tessent_tdr_MEM_PROGRAMMABLE_BITs_inst/tdr_latch75_reg/SI, in, 0.213195, 0.172414, 0.213195, 0.200000,0.013195
data_trans2.lifcc.SH.SigCmaxDP_ErPlus_modRvia_125c.setup.func.noxtalk.noocv.rpt,serdes_s4_lifc_u0/sbphys2a1s14lpp28g4l1c_phy_u0/i_dpl/i_dpl_core/i_ln2/i_dmux_txa/U121/A0, in, 0.212578, 0.155932, 0.212578, 0.200000,0.012578
data_trans2.lifcc.SH.SigCmaxDP_ErPlus_modRvia_125c.setup.func.noxtalk.noocv.rpt,lifcc_gate_tessent_tdr_MEM_PROGRAMMABLE_BITs_inst/tdr_latch12_reg/SI, in, 0.211294, 0.171506, 0.211294, 0.200000,0.011294
data_trans2.lifcc.SH.SigCmaxDP_ErPlus_modRvia_125c.setup.func.noxtalk.noocv.rpt,lifcc_gate_tessent_tdr_MEM_PROGRAMMABLE_BITs_inst/tdr_reg_15_/SI, in, 0.211294, 0.171506, 0.211294, 0.200000,0.011294
data_trans2.lifcc.SH.SigCmaxDP_ErPlus_modRvia_125c.setup.func.noxtalk.noocv.rpt,lifcc_gate_tessent_tdr_MEM_PROGRAMMABLE_BITs_inst/tdr_latch27_reg/SI, in, 0.211294, 0.171506, 0.211294, 0.200000,0.011294
data_trans2.lifcc.SH.SigCmaxDP_ErPlus_modRvia_125c.setup.func.noxtalk.noocv.rpt,lifcc_gate_tessent_tdr_MEM_PROGRAMMABLE_BITs_inst/tdr_latch25_reg/SI, in, 0.211294, 0.171506, 0.211294, 0.200000,0.011294
data_trans2.lifcc.SH.SigCmaxDP_ErPlus_modRvia_125c.setup.func.noxtalk.noocv.rpt,lifcc_gate_tessent_tdr_MEM_PROGRAMMABLE_BITs_inst/tdr_latch9_reg/SI, in, 0.211294, 0.171506, 0.211294, 0.200000,0.011294
data_trans2.lifcc.SH.SigCmaxDP_ErPlus_modRvia_125c.setup.func.noxtalk.noocv.rpt,lifcc_gate_tessent_tdr_MEM_PROGRAMMABLE_BITs_inst/tdr_latch15_reg/SI, in, 0.211294, 0.171506, 0.211294, 0.200000,0.011294
data_trans2.lifcc.SH.SigCmaxDP_ErPlus_modRvia_125c.setup.func.noxtalk.noocv.rpt,lifcc_gate_tessent_tdr_MEM_PROGRAMMABLE_BITs_inst/tdr_latch13_reg/SI, in, 0.211294, 0.171506, 0.211294, 0.200000,0.011294
data_trans2.lifcc.SH.SigCmaxDP_ErPlus_modRvia_125c.setup.func.noxtalk.noocv.rpt,lifcc_gate_tessent_tdr_MEM_PROGRAMMABLE_BITs_inst/tdr_latch11_reg/SI, in, 0.211294, 0.171506, 0.211294, 0.200000,0.011294
data_trans2.lifcc.SH.SigCmaxDP_ErPlus_modRvia_125c.setup.func.noxtalk.noocv.rpt,lifcc_gate_tessent_tdr_MEM_PROGRAMMABLE_BITs_inst/tdr_latch26_reg/SI, in, 0.211294, 0.171506, 0.211294, 0.200000,0.011294
data_trans2.lifcc.SH.SigCmaxDP_ErPlus_modRvia_125c.setup.func.noxtalk.noocv.rpt,lifcc_gate_tessent_tdr_MEM_PROGRAMMABLE_BITs_inst/tdr_latch14_reg/SI, in, 0.211294, 0.171506, 0.211294, 0.200000,0.011294
data_trans2.lifcc.SH.SigCmaxDP_ErPlus_modRvia_125c.setup.func.noxtalk.noocv.rpt,lifcc_gate_tessent_tdr_MEM_PROGRAMMABLE_BITs_inst/tdr_reg_25_/SI, in, 0.211294, 0.171506, 0.211294, 0.200000,0.011294
data_trans2.lifcc.SH.SigCmaxDP_ErPlus_modRvia_125c.setup.func.noxtalk.noocv.rpt,lifcc_gate_tessent_tdr_MEM_PROGRAMMABLE_BITs_inst/tdr_reg_27_/SI, in, 0.211294, 0.171506, 0.211294, 0.200000,0.011294
data_trans2.lifcc.SH.SigCmaxDP_ErPlus_modRvia_125c.setup.func.noxtalk.noocv.rpt,lifcc_gate_tessent_tdr_MEM_PROGRAMMABLE_BITs_inst/tdr_reg_13_/SI, in, 0.211294, 0.171506, 0.211294, 0.200000,0.011294
data_trans2.lifcc.SH.SigCmaxDP_ErPlus_modRvia_125c.setup.func.noxtalk.noocv.rpt,lifcc_gate_tessent_tdr_MEM_PROGRAMMABLE_BITs_inst/tdr_reg_26_/SI, in, 0.211294, 0.171506, 0.211294, 0.200000,0.011294
data_trans2.lifcc.SH.SigCmaxDP_ErPlus_modRvia_125c.setup.func.noxtalk.noocv.rpt,lifcc_gate_tessent_tdr_MEM_PROGRAMMABLE_BITs_inst/tdr_reg_14_/SI, in, 0.211294, 0.171506, 0.211294, 0.200000,0.011294
data_trans2.lifcc.SH.SigCmaxDP_ErPlus_modRvia_125c.setup.func.noxtalk.noocv.rpt,lifcc_gate_tessent_tdr_MEM_PROGRAMMABLE_BITs_inst/PO_AINV_P_381234/Y, out, 0.211294, 0.171506, 0.211294, 0.200000,0.011294
data_trans2.lifcc.SH.SigCmaxDP_ErPlus_modRvia_125c.setup.func.noxtalk.noocv.rpt,serdes_s4_lifc_u0/sbphys2a1s14lpp28g4l1c_phy_u0/i_dpl/i_dpl_core/i_ln2/i_bist_tx_top/U69/A0, in, 0.206821, 0.150079, 0.206821, 0.200000,0.006821
data_trans2.lifcc.SH.SigCmaxDP_ErPlus_modRvia_125c.setup.func.noxtalk.noocv.rpt,serdes_s4_lifc_u0/sbphys2a1s14lpp28g4l1c_phy_u0/i_dpl/i_dpl_core/i_ln2/i_bist_tx_top/U73/A0, in, 0.206802, 0.150076, 0.206802, 0.200000,0.006802
data_trans2.lifcc.SH.SigCmaxDP_ErPlus_modRvia_125c.setup.func.noxtalk.noocv.rpt,serdes_s4_lifc_u0/sbphys2a1s14lpp28g4l1c_phy_u0/i_dpl/i_dpl_core/i_ln2/i_bist_tx_top/U207/A0, in, 0.206507, 0.150025, 0.206507, 0.200000,0.006507
data_trans2.lifcc.SH.SigCmaxDP_ErPlus_modRvia_125c.setup.func.noxtalk.noocv.rpt,serdes_s4_lifc_u0/sbphys2a1s14lpp28g4l1c_phy_u0/i_dpl/i_dpl_core/i_ln2/i_dmux_txa/U96/A0, in, 0.205925, 0.154686, 0.205925, 0.200000,0.005925
data_trans2.lifcc.SH.SigCmaxDP_ErPlus_modRvia_125c.setup.func.noxtalk.noocv.rpt,serdes_s4_lifc_u0/serdes_s4_cfg_lifc_u0/npe_clk_mux2_u1/clkmux2to1_scan/B, in, 0.205160, 0.204277, 0.205160, 0.200000,0.00516
data_trans2.lifcc.SH.SigCmaxDP_ErPlus_modRvia_125c.setup.func.noxtalk.noocv.rpt,serdes_s4_lifc_u0/sbphys2a1s14lpp28g4l1c_phy_u0/i_dpl/i_dpl_core/i_ln2/i_bist_tx_top/U209/A0, in, 0.205005, 0.149570, 0.205005, 0.200000,0.005005
data_trans2.lifcc.SH.SigCmaxDP_ErPlus_modRvia_125c.setup.func.noxtalk.noocv.rpt,serdes_s4_lifc_u0/sbphys2a1s14lpp28g4l1c_phy_u0/i_dpl/i_dpl_core/i_ln2/i_bist_tx_top/U72/A0, in, 0.204910, 0.149616, 0.204910, 0.200000,0.00491
data_trans2.lifcc.SH.SigCmaxDP_ErPlus_modRvia_125c.setup.func.noxtalk.noocv.rpt,serdes_s4_lifc_u0/sbphys2a1s14lpp28g4l1c_phy_u0/i_dpl/i_dpl_core/i_ln2/i_bist_tx_top/U74/A0, in, 0.204120, 0.149373, 0.204120, 0.200000,0.00412
data_trans2.lifcc.SH.SigCmaxDP_ErPlus_modRvia_125c.setup.func.noxtalk.noocv.rpt,serdes_s4_lifc_u0/sbphys2a1s14lpp28g4l1c_phy_u0/i_dpl/i_dpl_core/i_ln2/i_bist_tx_top/U206/A0, in, 0.203811, 0.148423, 0.203811, 0.200000,0.003811
data_trans2.lifcc.SH.SigCmaxDP_ErPlus_modRvia_125c.setup.func.noxtalk.noocv.rpt,serdes_s4_lifc_u0/sbphys2a1s14lpp28g4l1c_phy_u0/i_dpl/i_dpl_core/i_ln2/i_dmux_txa/U61/A0, in, 0.203561, 0.153997, 0.203561, 0.200000,0.003561
data_trans2.lifcc.SH.SigCmaxDP_ErPlus_modRvia_125c.setup.func.noxtalk.noocv.rpt,serdes_s4_lifc_u0/sbphys2a1s14lpp28g4l1c_phy_u0/i_dpl/i_dpl_core/i_ln2/i_bist_tx_top/U68/A0, in, 0.203255, 0.148377, 0.203255, 0.200000,0.003255
data_trans2.lifcc.SH.SigCmaxDP_ErPlus_modRvia_125c.setup.func.noxtalk.noocv.rpt,serdes_s4_lifc_u0/sbphys2a1s14lpp28g4l1c_phy_u0/i_dpl/i_dpl_core/i_ln2/i_bist_tx_top/U70/A0, in, 0.203174, 0.148341, 0.203174, 0.200000,0.003174
data_trans2.lifcc.SH.SigCmaxDP_ErPlus_modRvia_125c.setup.func.noxtalk.noocv.rpt,serdes_s4_lifc_u0/sbphys2a1s14lpp28g4l1c_phy_u0/i_dpl/i_dpl_core/i_ln2/i_bist_tx_top/U37/A0, in, 0.202953, 0.148835, 0.202953, 0.200000,0.002953
data_trans2.lifcc.SH.SigCmaxDP_ErPlus_modRvia_125c.setup.func.noxtalk.noocv.rpt,serdes_s4_lifc_u0/sbphys2a1s14lpp28g4l1c_phy_u0/i_dpl/i_dpl_core/i_ln2/i_dmux_txa/U131/A0, in, 0.202443, 0.153930, 0.202443, 0.200000,0.002443
data_trans2.lifcc.SH.SigCmaxDP_ErPlus_modRvia_125c.setup.func.noxtalk.noocv.rpt,lifcc_gate_tessent_tdr_MEM_PROGRAMMABLE_BITs_inst/tdr_latch101_reg/SI, in, 0.202323, 0.132685, 0.202323, 0.200000,0.002323
data_trans2.lifcc.SH.SigCmaxDP_ErPlus_modRvia_125c.setup.func.noxtalk.noocv.rpt,lifcc_gate_tessent_tdr_MEM_PROGRAMMABLE_BITs_inst/tdr_latch99_reg/SI, in, 0.202323, 0.132685, 0.202323, 0.200000,0.002323
data_trans2.lifcc.SH.SigCmaxDP_ErPlus_modRvia_125c.setup.func.noxtalk.noocv.rpt,lifcc_gate_tessent_tdr_MEM_PROGRAMMABLE_BITs_inst/tdr_latch104_reg/SI, in, 0.202323, 0.132685, 0.202323, 0.200000,0.002323
data_trans2.lifcc.SH.SigCmaxDP_ErPlus_modRvia_125c.setup.func.noxtalk.noocv.rpt,lifcc_gate_tessent_tdr_MEM_PROGRAMMABLE_BITs_inst/tdr_latch103_reg/SI, in, 0.202323, 0.132685, 0.202323, 0.200000,0.002323
data_trans2.lifcc.SH.SigCmaxDP_ErPlus_modRvia_125c.setup.func.noxtalk.noocv.rpt,lifcc_gate_tessent_tdr_MEM_PROGRAMMABLE_BITs_inst/tdr_latch102_reg/SI, in, 0.202323, 0.132685, 0.202323, 0.200000,0.002323
data_trans2.lifcc.SH.SigCmaxDP_ErPlus_modRvia_125c.setup.func.noxtalk.noocv.rpt,lifcc_gate_tessent_tdr_MEM_PROGRAMMABLE_BITs_inst/tdr_latch98_reg/SI, in, 0.202323, 0.132685, 0.202323, 0.200000,0.002323
data_trans2.lifcc.SH.SigCmaxDP_ErPlus_modRvia_125c.setup.func.noxtalk.noocv.rpt,lifcc_gate_tessent_tdr_MEM_PROGRAMMABLE_BITs_inst/tdr_latch105_reg/SI, in, 0.202323, 0.132685, 0.202323, 0.200000,0.002323
data_trans2.lifcc.SH.SigCmaxDP_ErPlus_modRvia_125c.setup.func.noxtalk.noocv.rpt,lifcc_gate_tessent_tdr_MEM_PROGRAMMABLE_BITs_inst/tdr_reg_103_/SI, in, 0.202323, 0.132685, 0.202323, 0.200000,0.002323
data_trans2.lifcc.SH.SigCmaxDP_ErPlus_modRvia_125c.setup.func.noxtalk.noocv.rpt,lifcc_gate_tessent_tdr_MEM_PROGRAMMABLE_BITs_inst/tdr_latch100_reg/SI, in, 0.202323, 0.132685, 0.202323, 0.200000,0.002323
data_trans2.lifcc.SH.SigCmaxDP_ErPlus_modRvia_125c.setup.func.noxtalk.noocv.rpt,lifcc_gate_tessent_tdr_MEM_PROGRAMMABLE_BITs_inst/tdr_reg_105_/SI, in, 0.202323, 0.132685, 0.202323, 0.200000,0.002323
data_trans2.lifcc.SH.SigCmaxDP_ErPlus_modRvia_125c.setup.func.noxtalk.noocv.rpt,lifcc_gate_tessent_tdr_MEM_PROGRAMMABLE_BITs_inst/tdr_reg_104_/SI, in, 0.202323, 0.132685, 0.202323, 0.200000,0.002323
data_trans2.lifcc.SH.SigCmaxDP_ErPlus_modRvia_125c.setup.func.noxtalk.noocv.rpt,lifcc_gate_tessent_tdr_MEM_PROGRAMMABLE_BITs_inst/PO_AINV_P_381221/Y, out, 0.202323, 0.132685, 0.202323, 0.200000,0.002323
data_trans2.lifcc.SH.SigCmaxDP_ErPlus_modRvia_125c.setup.func.noxtalk.noocv.rpt,lifcc_gate_tessent_tdr_MEM_PROGRAMMABLE_BITs_inst/tdr_reg_98_/SI, in, 0.202323, 0.132685, 0.202323, 0.200000,0.002323
data_trans2.lifcc.SH.SigCmaxDP_ErPlus_modRvia_125c.setup.func.noxtalk.noocv.rpt,lifcc_gate_tessent_tdr_MEM_PROGRAMMABLE_BITs_inst/tdr_reg_99_/SI, in, 0.202323, 0.132685, 0.202323, 0.200000,0.002323
data_trans2.lifcc.SH.SigCmaxDP_ErPlus_modRvia_125c.setup.func.noxtalk.noocv.rpt,lifcc_gate_tessent_tdr_MEM_PROGRAMMABLE_BITs_inst/tdr_reg_100_/SI, in, 0.202323, 0.132685, 0.202323, 0.200000,0.002323
data_trans2.lifcc.SH.SigCmaxDP_ErPlus_modRvia_125c.setup.func.noxtalk.noocv.rpt,lifcc_gate_tessent_tdr_MEM_PROGRAMMABLE_BITs_inst/tdr_reg_101_/SI, in, 0.202323, 0.132685, 0.202323, 0.200000,0.002323
data_trans2.lifcc.SH.SigCmaxDP_ErPlus_modRvia_125c.setup.func.noxtalk.noocv.rpt,lifcc_gate_tessent_tdr_MEM_PROGRAMMABLE_BITs_inst/tdr_reg_102_/SI, in, 0.202323, 0.132685, 0.202323, 0.200000,0.002323
data_trans2.lifcc.SH.SigCmaxDP_ErPlus_modRvia_125c.setup.func.noxtalk.noocv.rpt,serdes_s4_lifc_u0/sbphys2a1s14lpp28g4l1c_phy_u0/i_dpl/i_dpl_core/i_ln2/i_bist_tx_top/U71/A0, in, 0.202257, 0.147856, 0.202257, 0.200000,0.002257
data_trans2.lifcc.SH.SigCmaxDP_ErPlus_modRvia_125c.setup.func.noxtalk.noocv.rpt,serdes_s4_lifc_u0/sbphys2a1s14lpp28g4l1c_phy_u0/i_dpl/i_dpl_core/i_ln2/i_bist_tx_top/U36/A0, in, 0.202082, 0.148415, 0.202082, 0.200000,0.002082
data_trans2.lifcc.SH.SigCmaxDP_ErPlus_modRvia_125c.setup.func.noxtalk.noocv.rpt,cfg/led_signal_sync_u0/PSU2_6__pulse_sampling_u2/PO_SGI23_383944/A, in, 0.200953, 0.190071, 0.200953, 0.200000,0.000953
data_trans2.lifcc.SH.SigCmaxDP_ErPlus_modRvia_125c.setup.func.noxtalk.noocv.rpt,cfg/led_signal_sync_u0/PSU2_6__pulse_sampling_u2/PO_SGI20_383942/Y, out, 0.200924, 0.190071, 0.200924, 0.200000,0.000924
data_trans2.lifcc.SH.SigCmaxDP_ErPlus_modRvia_125c.setup.func.noxtalk.noocv.rpt,serdes_s4_lifc_u0/sbphys2a1s14lpp28g4l1c_phy_u0/i_dpl/i_dpl_core/i_ln2/i_dmux_txa/U76/A0, in, 0.200530, 0.153242, 0.200530, 0.200000,0.00053
data_trans2.lifcc.SH.SigCmaxDP_ErPlus_modRvia_125c.setup.func.noxtalk.noocv.rpt,cfg/cfg_pcie_top/pcie_wrapper_u0/u_pcie_core/i_axi_wrapper/ob_addr0_reg_29__0_/D, in, 0.200501, 0.186573, 0.200501, 0.200000,0.000501
data_trans2.lifcc.SH.SigCmaxDP_ErPlus_modRvia_125c.setup.func.noxtalk.noocv.rpt,cfg/cfg_pcie_top/pcie_wrapper_u0/u_pcie_core/i_axi_wrapper/ob_addr0_reg_19__0_/D, in, 0.200486, 0.186553, 0.200486, 0.200000,0.000486
data_trans2.lifcc.SH.SigCmaxDP_ErPlus_modRvia_125c.setup.func.noxtalk.noocv.rpt,cfg/cfg_pcie_top/pcie_wrapper_u0/u_pcie_core/i_axi_wrapper/ob_addr0_reg_13__0_/D, in, 0.200413, 0.186448, 0.200413, 0.200000,0.000413
data_trans2.lifcc.SH.SigCmaxDP_ErPlus_modRvia_125c.setup.func.noxtalk.noocv.rpt,serdes_s4_lifc_u0/sbphys2a1s14lpp28g4l1c_phy_u0/i_dpl/PO_BINV_R_228668/A, in, 0.200403, 0.133563, 0.200403, 0.200000,0.000403
data_trans2.lifcc.SH.SigCmaxDP_ErPlus_modRvia_125c.setup.func.noxtalk.noocv.rpt,cfg/cfg_pcie_top/pcie_wrapper_u0/u_pcie_core/i_axi_wrapper/ob_addr0_reg_14__0_/D, in, 0.200398, 0.186428, 0.200398, 0.200000,0.000398
data_trans2.lifcc.SH.SigCmaxDP_ErPlus_modRvia_125c.setup.func.noxtalk.noocv.rpt,cfg/cfg_pcie_top/pcie_wrapper_u0/u_pcie_core/i_axi_wrapper/ob_addr0_reg_9__0_/D, in, 0.200335, 0.186339, 0.200335, 0.200000,0.000335
data_trans2.lifcc.SH.SigCmaxDP_ErPlus_modRvia_125c.setup.func.noxtalk.noocv.rpt,cfg/cfg_pcie_top/pcie_wrapper_u0/u_pcie_core/i_axi_wrapper/ob_addr0_reg_10__0_/D, in, 0.200329, 0.186329, 0.200329, 0.200000,0.000329
data_trans2.lifcc.SH.SigCmaxDP_ErPlus_modRvia_125c.setup.func.noxtalk.noocv.rpt,cfg/cfg_pcie_top/pcie_wrapper_u0/u_pcie_core/i_axi_wrapper/ob_addr0_reg_21__0_/D, in, 0.200262, 0.186237, 0.200262, 0.200000,0.000262
data_trans2.lifcc.SH.SigCmaxDP_ErPlus_modRvia_125c.setup.func.noxtalk.noocv.rpt,cfg/cfg_pcie_top/pcie_wrapper_u0/u_pcie_core/i_axi_wrapper/ob_addr0_reg_23__0_/D, in, 0.200262, 0.186236, 0.200262, 0.200000,0.000262
data_trans2.lifcc.SH.SigCmaxDP_ErPlus_modRvia_125c.setup.func.noxtalk.noocv.rpt,cfg/cfg_pcie_top/pcie_wrapper_u0/u_pcie_core/i_axi_wrapper/ob_addr0_reg_24__0_/D, in, 0.200205, 0.186113, 0.200205, 0.200000,0.000205
data_trans2.lifcc.SH.SigCmaxDP_ErPlus_modRvia_125c.setup.func.noxtalk.noocv.rpt,cfg/cfg_pcie_top/pcie_wrapper_u0/u_pcie_core/i_axi_wrapper/ob_addr0_reg_27__0_/D, in, 0.200206, 0.186114, 0.200206, 0.200000,0.000206
data_trans2.lifcc.SH.SigCmaxDP_ErPlus_modRvia_125c.setup.func.noxtalk.noocv.rpt,cfg/cfg_pcie_top/pcie_wrapper_u0/u_pcie_core/i_axi_wrapper/ob_addr0_reg_18__0_/D, in, 0.200190, 0.186089, 0.200190, 0.200000,0.00019
data_trans2.lifcc.SH.SigCmaxDP_ErPlus_modRvia_125c.setup.func.noxtalk.noocv.rpt,cfg/cfg_pcie_top/pcie_wrapper_u0/u_pcie_core/i_axi_wrapper/ob_addr0_reg_11__0_/D, in, 0.200121, 0.185982, 0.200121, 0.200000,0.000121
data_trans2.lifcc.SH.SigCmaxDP_ErPlus_modRvia_125c.setup.func.noxtalk.noocv.rpt,cfg/cfg_pcie_top/pcie_wrapper_u0/u_pcie_core/i_axi_wrapper/PO_AINV_P_114506/A, in, 0.150827, 0.200042, 0.200042, 0.200000,4.2e-05
data_trans2.lifcc.SH.SigCmaxDP_ErPlus_modRvia_125c.setup.func.noxtalk.noocv.rpt,cfg/cfg_pcie_top/pcie_wrapper_u0/u_pma/RXP2, in, 0.200000, 0.200000, 0.200000, 0.100000,0.1
data_trans2.lifcc.SH.SigCmaxDP_ErPlus_modRvia_125c.setup.func.noxtalk.noocv.rpt,cfg/cfg_pcie_top/pcie_wrapper_u0/u_pma/RXP3, in, 0.200000, 0.200000, 0.200000, 0.100000,0.1
data_trans2.lifcc.SH.SigCmaxDP_ErPlus_modRvia_125c.setup.func.noxtalk.noocv.rpt,cfg/cfg_pcie_top/pcie_wrapper_u0/u_pma/RXP3, in, 0.200000, 0.200000, 0.200000, 0.100000,0.1
data_trans2.lifcc.SH.SigCmaxDP_ErPlus_modRvia_125c.setup.func.noxtalk.noocv.rpt,cfg/cfg_pcie_top/pcie_wrapper_u0/u_pma/RXP2, in, 0.200000, 0.200000, 0.200000, 0.100000,0.1
data_trans2.lifcc.SH.SigCmaxDP_ErPlus_modRvia_125c.setup.func.noxtalk.noocv.rpt,serdes_s4_lifc_u0/sbphys2a1s14lpp28g4l1c_phy_u0/i_afe/afe_sr_atest_sel_i[5], in, 0.137762, 0.152225, 0.152225, 0.151700,0.000525
data_trans2.lifcc.SC.SigCmaxDP_ErPlus_modRvia_m40c.setup.func.noxtalk.noocv.rpt,serdes_s4_lifc_u0/sbphys2a1s14lpp28g4l1c_phy_u0/BLOCK_BUFFER_IN_CLK_20/A, in, 2.776835, 2.779339, 2.779339, 0.200000,2.5793
data_trans2.lifcc.SC.SigCmaxDP_ErPlus_modRvia_m40c.setup.func.noxtalk.noocv.rpt,esi_dft_occ_wrap_SERDES_scan_clk_ln1_rxdiv_i/pll_clk_ATibuf_i101/A, in, 1.277901, 1.274812, 1.277901, 0.200000,1.0779
data_trans2.lifcc.SC.SigCmaxDP_ErPlus_modRvia_m40c.setup.func.noxtalk.noocv.rpt,serdes_s4_lifc_u0/sbphys2a1s14lpp28g4l1c_phy_u0/BLOCK_BUFFER_IN_CLK_21/A, in, 1.086862, 1.091057, 1.091057, 0.200000,0.89106
data_trans2.lifcc.SC.SigCmaxDP_ErPlus_modRvia_m40c.setup.func.noxtalk.noocv.rpt,BLOCK_BUFFER_OUT_391/A, in, 1.042657, 0.980401, 1.042657, 0.200000,0.84266
data_trans2.lifcc.SC.SigCmaxDP_ErPlus_modRvia_m40c.setup.func.noxtalk.noocv.rpt,diode445104/A, in, 1.042652, 0.980393, 1.042652, 0.200000,0.84265
data_trans2.lifcc.SC.SigCmaxDP_ErPlus_modRvia_m40c.setup.func.noxtalk.noocv.rpt,BLOCK_BUFFER_OUT_385/A, in, 1.003516, 1.000774, 1.003516, 0.200000,0.80352
data_trans2.lifcc.SC.SigCmaxDP_ErPlus_modRvia_m40c.setup.func.noxtalk.noocv.rpt,diode445109/A, in, 1.003518, 1.000765, 1.003518, 0.200000,0.80352
data_trans2.lifcc.SC.SigCmaxDP_ErPlus_modRvia_m40c.setup.func.noxtalk.noocv.rpt,serdes_s4_lifc_u0/sbphys2a1s14lpp28g4l1c_phy_u0/BLOCK_BUFFER_IN_CLK_17/A, in, 0.855760, 0.856819, 0.856819, 0.200000,0.65682
data_trans2.lifcc.SC.SigCmaxDP_ErPlus_modRvia_m40c.setup.func.noxtalk.noocv.rpt,BLOCK_BUFFER_OUT_386/A, in, 0.854943, 0.794373, 0.854943, 0.200000,0.65494
data_trans2.lifcc.SC.SigCmaxDP_ErPlus_modRvia_m40c.setup.func.noxtalk.noocv.rpt,diode445103/A, in, 0.854931, 0.794350, 0.854931, 0.200000,0.65493
data_trans2.lifcc.SC.SigCmaxDP_ErPlus_modRvia_m40c.setup.func.noxtalk.noocv.rpt,diode458722/A, in, 0.697726, 0.613841, 0.697726, 0.200000,0.49773
data_trans2.lifcc.SC.SigCmaxDP_ErPlus_modRvia_m40c.setup.func.noxtalk.noocv.rpt,BLOCK_BUFFER_OUT_389/A, in, 0.697727, 0.613840, 0.697727, 0.200000,0.49773
data_trans2.lifcc.SC.SigCmaxDP_ErPlus_modRvia_m40c.setup.func.noxtalk.noocv.rpt,BLOCK_BUFFER_OUT_392/A, in, 0.683793, 0.660334, 0.683793, 0.200000,0.48379
data_trans2.lifcc.SC.SigCmaxDP_ErPlus_modRvia_m40c.setup.func.noxtalk.noocv.rpt,diode445105/A, in, 0.683784, 0.660324, 0.683784, 0.200000,0.48378
data_trans2.lifcc.SC.SigCmaxDP_ErPlus_modRvia_m40c.setup.func.noxtalk.noocv.rpt,esi_dft_occ_wrap_SERDES_scan_clk_ln2_rxdiv_i/pll_clk_ATibuf_i101/A, in, 0.636275, 0.636695, 0.636695, 0.200000,0.43669
data_trans2.lifcc.SC.SigCmaxDP_ErPlus_modRvia_m40c.setup.func.noxtalk.noocv.rpt,esi_dft_occ_wrap_SERDES_scan_clk_ln2_rx_i/pll_clk_ATibuf_i101/A, in, 0.631961, 0.627460, 0.631961, 0.200000,0.43196
data_trans2.lifcc.SC.SigCmaxDP_ErPlus_modRvia_m40c.setup.func.noxtalk.noocv.rpt,BLOCK_BUFFER_OUT_394/A, in, 0.599304, 0.519743, 0.599304, 0.200000,0.3993
data_trans2.lifcc.SC.SigCmaxDP_ErPlus_modRvia_m40c.setup.func.noxtalk.noocv.rpt,diode443931/A, in, 0.599279, 0.519721, 0.599279, 0.200000,0.39928
data_trans2.lifcc.SC.SigCmaxDP_ErPlus_modRvia_m40c.setup.func.noxtalk.noocv.rpt,diode445108/A, in, 0.591267, 0.558803, 0.591267, 0.200000,0.39127
data_trans2.lifcc.SC.SigCmaxDP_ErPlus_modRvia_m40c.setup.func.noxtalk.noocv.rpt,BLOCK_BUFFER_OUT_387/A, in, 0.591269, 0.558805, 0.591269, 0.200000,0.39127
data_trans2.lifcc.SC.SigCmaxDP_ErPlus_modRvia_m40c.setup.func.noxtalk.noocv.rpt,diode445110/A, in, 0.527200, 0.487863, 0.527200, 0.200000,0.3272
data_trans2.lifcc.SC.SigCmaxDP_ErPlus_modRvia_m40c.setup.func.noxtalk.noocv.rpt,BLOCK_BUFFER_OUT_388/A, in, 0.527195, 0.487868, 0.527195, 0.200000,0.32719
data_trans2.lifcc.SC.SigCmaxDP_ErPlus_modRvia_m40c.setup.func.noxtalk.noocv.rpt,BLOCK_BUFFER_OUT_383/A, in, 0.515742, 0.497419, 0.515742, 0.200000,0.31574
data_trans2.lifcc.SC.SigCmaxDP_ErPlus_modRvia_m40c.setup.func.noxtalk.noocv.rpt,diode445107/A, in, 0.515738, 0.497418, 0.515738, 0.200000,0.31574
data_trans2.lifcc.SC.SigCmaxDP_ErPlus_modRvia_m40c.setup.func.noxtalk.noocv.rpt,serdes_s4_lifc_u0/sbphys2a1s14lpp28g4l1c_phy_u0/i_dpl/RO_ropt_d_inst_322391/Y, out, 0.444309, 0.293559, 0.444309, 0.200000,0.24431
data_trans2.lifcc.SC.SigCmaxDP_ErPlus_modRvia_m40c.setup.func.noxtalk.noocv.rpt,BLOCK_BUFFER_OUT_384/A, in, 0.436098, 0.411440, 0.436098, 0.200000,0.2361
data_trans2.lifcc.SC.SigCmaxDP_ErPlus_modRvia_m40c.setup.func.noxtalk.noocv.rpt,diode457333/A, in, 0.436098, 0.411431, 0.436098, 0.200000,0.2361
data_trans2.lifcc.SC.SigCmaxDP_ErPlus_modRvia_m40c.setup.func.noxtalk.noocv.rpt,BLOCK_BUFFER_OUT_390/A, in, 0.418513, 0.397465, 0.418513, 0.200000,0.21851
data_trans2.lifcc.SC.SigCmaxDP_ErPlus_modRvia_m40c.setup.func.noxtalk.noocv.rpt,diode445106/A, in, 0.418507, 0.397446, 0.418507, 0.200000,0.21851
data_trans2.lifcc.SC.SigCmaxDP_ErPlus_modRvia_m40c.setup.func.noxtalk.noocv.rpt,serdes_s4_lifc_u0/sbphys2a1s14lpp28g4l1c_phy_u0/i_dpl/RO_ropt_d_inst_322352/Y, out, 0.414308, 0.282917, 0.414308, 0.200000,0.21431
data_trans2.lifcc.SC.SigCmaxDP_ErPlus_modRvia_m40c.setup.func.noxtalk.noocv.rpt,BLOCK_BUFFER_OUT_393/A, in, 0.414258, 0.403664, 0.414258, 0.200000,0.21426
data_trans2.lifcc.SC.SigCmaxDP_ErPlus_modRvia_m40c.setup.func.noxtalk.noocv.rpt,diode445111/A, in, 0.414260, 0.403660, 0.414260, 0.200000,0.21426
data_trans2.lifcc.SC.SigCmaxDP_ErPlus_modRvia_m40c.setup.func.noxtalk.noocv.rpt,serdes_s4_lifc_u0/sbphys2a1s14lpp28g4l1c_phy_u0/BLOCK_BUFFER_IN_CLK_23/A, in, 0.366336, 0.371366, 0.371366, 0.200000,0.17137
data_trans2.lifcc.SC.SigCmaxDP_ErPlus_modRvia_m40c.setup.func.noxtalk.noocv.rpt,esi_dft_occ_wrap_SERDES_scan_clk_ln3_rx_i/pll_clk_ATibuf_i101/A, in, 0.368383, 0.366332, 0.368383, 0.200000,0.16838
data_trans2.lifcc.SC.SigCmaxDP_ErPlus_modRvia_m40c.setup.func.noxtalk.noocv.rpt,serdes_s4_lifc_u0/sbphys2a1s14lpp28g4l1c_phy_u0/BLOCK_BUFFER_IN_CLK_22/A, in, 0.307690, 0.313819, 0.313819, 0.200000,0.11382
data_trans2.lifcc.SC.SigCmaxDP_ErPlus_modRvia_m40c.setup.func.noxtalk.noocv.rpt,serdes_s4_lifc_u0/serdes_s4_crm_lifc_u0/U11/A0, in, 0.312565, 0.313306, 0.313306, 0.200000,0.11331
data_trans2.lifcc.SC.SigCmaxDP_ErPlus_modRvia_m40c.setup.func.noxtalk.noocv.rpt,serdes_s4_lifc_u0/serdes_s4_crm_lifc_u0/npe_synchronizer_u3/SDFFYRPQ2D_INST_3__SDFFYRPQ2D/D, in, 0.312533, 0.313285, 0.313285, 0.200000,0.11328
data_trans2.lifcc.SC.SigCmaxDP_ErPlus_modRvia_m40c.setup.func.noxtalk.noocv.rpt,serdes_s4_lifc_u0/sbphys2a1s14lpp28g4l1c_phy_u0/BLOCK_BUFFER_IN_CLK_19/A, in, 0.303795, 0.300459, 0.303795, 0.200000,0.10379
data_trans2.lifcc.SC.SigCmaxDP_ErPlus_modRvia_m40c.setup.func.noxtalk.noocv.rpt,lifcc_gate_tessent_tdr_MEM_PROGRAMMABLE_BITs_inst/tdr_reg_83_/SI, in, 0.280876, 0.170348, 0.280876, 0.200000,0.080876
data_trans2.lifcc.SC.SigCmaxDP_ErPlus_modRvia_m40c.setup.func.noxtalk.noocv.rpt,lifcc_gate_tessent_tdr_MEM_PROGRAMMABLE_BITs_inst/tdr_reg_82_/SI, in, 0.280876, 0.170348, 0.280876, 0.200000,0.080876
data_trans2.lifcc.SC.SigCmaxDP_ErPlus_modRvia_m40c.setup.func.noxtalk.noocv.rpt,lifcc_gate_tessent_tdr_MEM_PROGRAMMABLE_BITs_inst/tdr_latch88_reg/SI, in, 0.280876, 0.170348, 0.280876, 0.200000,0.080876
data_trans2.lifcc.SC.SigCmaxDP_ErPlus_modRvia_m40c.setup.func.noxtalk.noocv.rpt,lifcc_gate_tessent_tdr_MEM_PROGRAMMABLE_BITs_inst/tdr_latch84_reg/SI, in, 0.280876, 0.170348, 0.280876, 0.200000,0.080876
data_trans2.lifcc.SC.SigCmaxDP_ErPlus_modRvia_m40c.setup.func.noxtalk.noocv.rpt,lifcc_gate_tessent_tdr_MEM_PROGRAMMABLE_BITs_inst/tdr_latch86_reg/SI, in, 0.280876, 0.170348, 0.280876, 0.200000,0.080876
data_trans2.lifcc.SC.SigCmaxDP_ErPlus_modRvia_m40c.setup.func.noxtalk.noocv.rpt,lifcc_gate_tessent_tdr_MEM_PROGRAMMABLE_BITs_inst/tdr_reg_89_/SI, in, 0.280876, 0.170348, 0.280876, 0.200000,0.080876
data_trans2.lifcc.SC.SigCmaxDP_ErPlus_modRvia_m40c.setup.func.noxtalk.noocv.rpt,lifcc_gate_tessent_tdr_MEM_PROGRAMMABLE_BITs_inst/tdr_latch89_reg/SI, in, 0.280876, 0.170348, 0.280876, 0.200000,0.080876
data_trans2.lifcc.SC.SigCmaxDP_ErPlus_modRvia_m40c.setup.func.noxtalk.noocv.rpt,lifcc_gate_tessent_tdr_MEM_PROGRAMMABLE_BITs_inst/tdr_reg_88_/SI, in, 0.280876, 0.170348, 0.280876, 0.200000,0.080876
data_trans2.lifcc.SC.SigCmaxDP_ErPlus_modRvia_m40c.setup.func.noxtalk.noocv.rpt,lifcc_gate_tessent_tdr_MEM_PROGRAMMABLE_BITs_inst/tdr_reg_87_/SI, in, 0.280876, 0.170348, 0.280876, 0.200000,0.080876
data_trans2.lifcc.SC.SigCmaxDP_ErPlus_modRvia_m40c.setup.func.noxtalk.noocv.rpt,lifcc_gate_tessent_tdr_MEM_PROGRAMMABLE_BITs_inst/tdr_reg_86_/SI, in, 0.280876, 0.170348, 0.280876, 0.200000,0.080876
data_trans2.lifcc.SC.SigCmaxDP_ErPlus_modRvia_m40c.setup.func.noxtalk.noocv.rpt,lifcc_gate_tessent_tdr_MEM_PROGRAMMABLE_BITs_inst/tdr_reg_85_/SI, in, 0.280876, 0.170348, 0.280876, 0.200000,0.080876
data_trans2.lifcc.SC.SigCmaxDP_ErPlus_modRvia_m40c.setup.func.noxtalk.noocv.rpt,lifcc_gate_tessent_tdr_MEM_PROGRAMMABLE_BITs_inst/tdr_reg_84_/SI, in, 0.280876, 0.170348, 0.280876, 0.200000,0.080876
data_trans2.lifcc.SC.SigCmaxDP_ErPlus_modRvia_m40c.setup.func.noxtalk.noocv.rpt,lifcc_gate_tessent_tdr_MEM_PROGRAMMABLE_BITs_inst/tdr_latch82_reg/SI, in, 0.280876, 0.170348, 0.280876, 0.200000,0.080876
data_trans2.lifcc.SC.SigCmaxDP_ErPlus_modRvia_m40c.setup.func.noxtalk.noocv.rpt,lifcc_gate_tessent_tdr_MEM_PROGRAMMABLE_BITs_inst/PO_AINV_P_381265/Y, out, 0.280876, 0.170348, 0.280876, 0.200000,0.080876
data_trans2.lifcc.SC.SigCmaxDP_ErPlus_modRvia_m40c.setup.func.noxtalk.noocv.rpt,lifcc_gate_tessent_tdr_MEM_PROGRAMMABLE_BITs_inst/tdr_latch87_reg/SI, in, 0.280876, 0.170348, 0.280876, 0.200000,0.080876
data_trans2.lifcc.SC.SigCmaxDP_ErPlus_modRvia_m40c.setup.func.noxtalk.noocv.rpt,lifcc_gate_tessent_tdr_MEM_PROGRAMMABLE_BITs_inst/PO_AINV_P_381251/A, in, 0.280876, 0.170348, 0.280876, 0.200000,0.080876
data_trans2.lifcc.SC.SigCmaxDP_ErPlus_modRvia_m40c.setup.func.noxtalk.noocv.rpt,lifcc_gate_tessent_tdr_MEM_PROGRAMMABLE_BITs_inst/PO_AINV_P_381254/A, in, 0.280876, 0.170348, 0.280876, 0.200000,0.080876
data_trans2.lifcc.SC.SigCmaxDP_ErPlus_modRvia_m40c.setup.func.noxtalk.noocv.rpt,lifcc_gate_tessent_tdr_MEM_PROGRAMMABLE_BITs_inst/tdr_latch85_reg/SI, in, 0.280876, 0.170348, 0.280876, 0.200000,0.080876
data_trans2.lifcc.SC.SigCmaxDP_ErPlus_modRvia_m40c.setup.func.noxtalk.noocv.rpt,lifcc_gate_tessent_tdr_MEM_PROGRAMMABLE_BITs_inst/tdr_latch83_reg/SI, in, 0.280876, 0.170348, 0.280876, 0.200000,0.080876
data_trans2.lifcc.SC.SigCmaxDP_ErPlus_modRvia_m40c.setup.func.noxtalk.noocv.rpt,lifcc_gate_tessent_tdr_MEM_PROGRAMMABLE_BITs_inst/PO_AINV_P_381237/A, in, 0.269974, 0.189278, 0.269974, 0.200000,0.069974
data_trans2.lifcc.SC.SigCmaxDP_ErPlus_modRvia_m40c.setup.func.noxtalk.noocv.rpt,lifcc_gate_tessent_tdr_MEM_PROGRAMMABLE_BITs_inst/PO_AINV_P_381235/A, in, 0.269974, 0.189278, 0.269974, 0.200000,0.069974
data_trans2.lifcc.SC.SigCmaxDP_ErPlus_modRvia_m40c.setup.func.noxtalk.noocv.rpt,lifcc_gate_tessent_tdr_MEM_PROGRAMMABLE_BITs_inst/PO_AINV_P_381236/A, in, 0.269974, 0.189278, 0.269974, 0.200000,0.069974
data_trans2.lifcc.SC.SigCmaxDP_ErPlus_modRvia_m40c.setup.func.noxtalk.noocv.rpt,lifcc_gate_tessent_tdr_MEM_PROGRAMMABLE_BITs_inst/PO_AINV_P_381234/A, in, 0.269974, 0.189278, 0.269974, 0.200000,0.069974
data_trans2.lifcc.SC.SigCmaxDP_ErPlus_modRvia_m40c.setup.func.noxtalk.noocv.rpt,lifcc_gate_tessent_tdr_MEM_PROGRAMMABLE_BITs_inst/PO_AINV_P_381224/A, in, 0.269974, 0.189278, 0.269974, 0.200000,0.069974
data_trans2.lifcc.SC.SigCmaxDP_ErPlus_modRvia_m40c.setup.func.noxtalk.noocv.rpt,lifcc_gate_tessent_tdr_MEM_PROGRAMMABLE_BITs_inst/PO_AINV_P_381216/A, in, 0.269974, 0.189278, 0.269974, 0.200000,0.069974
data_trans2.lifcc.SC.SigCmaxDP_ErPlus_modRvia_m40c.setup.func.noxtalk.noocv.rpt,lifcc_gate_tessent_tdr_MEM_PROGRAMMABLE_BITs_inst/PO_AINV_P_381251/Y, out, 0.269974, 0.189278, 0.269974, 0.200000,0.069974
data_trans2.lifcc.SC.SigCmaxDP_ErPlus_modRvia_m40c.setup.func.noxtalk.noocv.rpt,esi_dft_occ_wrap_SERDES_scan_clk_pll2ref_i/pll_clk_ATibuf_i101/A, in, 0.260296, 0.259752, 0.260296, 0.200000,0.060296
data_trans2.lifcc.SC.SigCmaxDP_ErPlus_modRvia_m40c.setup.func.noxtalk.noocv.rpt,serdes_s4_lifc_u0/sbphys2a1s14lpp28g4l1c_phy_u0/i_dpl/i_dpl_core/genblk1_6__i_sync_tbus_data/z_r_reg/D, in, 0.252051, 0.186748, 0.252051, 0.200000,0.052051
data_trans2.lifcc.SC.SigCmaxDP_ErPlus_modRvia_m40c.setup.func.noxtalk.noocv.rpt,lifcc_gate_tessent_tdr_MEM_PROGRAMMABLE_BITs_inst/PO_AINV_P_381252/Y, out, 0.249941, 0.150607, 0.249941, 0.200000,0.049941
data_trans2.lifcc.SC.SigCmaxDP_ErPlus_modRvia_m40c.setup.func.noxtalk.noocv.rpt,lifcc_gate_tessent_tdr_MEM_PROGRAMMABLE_BITs_inst/PO_AINV_P_381247/A, in, 0.249941, 0.150607, 0.249941, 0.200000,0.049941
data_trans2.lifcc.SC.SigCmaxDP_ErPlus_modRvia_m40c.setup.func.noxtalk.noocv.rpt,serdes_s4_lifc_u0/sbphys2a1s14lpp28g4l1c_phy_u0/i_dpl/i_dpl_core/i_top_tbus_0/U370/Y, out, 0.246016, 0.181014, 0.246016, 0.200000,0.046016
data_trans2.lifcc.SC.SigCmaxDP_ErPlus_modRvia_m40c.setup.func.noxtalk.noocv.rpt,serdes_s4_lifc_u0/serdes_s4_cfg_lifc_u0/U845/B, in, 0.243664, 0.243240, 0.243664, 0.200000,0.043664
data_trans2.lifcc.SC.SigCmaxDP_ErPlus_modRvia_m40c.setup.func.noxtalk.noocv.rpt,serdes_s4_lifc_u0/sbphys2a1s14lpp28g4l1c_phy_u0/i_dpl/i_dpl_core/genblk1_7__i_sync_tbus_data/z_r_reg/D, in, 0.236815, 0.189746, 0.236815, 0.200000,0.036815
data_trans2.lifcc.SC.SigCmaxDP_ErPlus_modRvia_m40c.setup.func.noxtalk.noocv.rpt,cfg/cfg_pcie_top/pcie_wrapper_u0/u_pcs_lane1_wrapper/u_pcs_pcie_core/i_pcs_pcie_lane_control0/RO_ropt_mt_inst_447082/A, in, 0.234848, 0.234733, 0.234848, 0.200000,0.034848
data_trans2.lifcc.SC.SigCmaxDP_ErPlus_modRvia_m40c.setup.func.noxtalk.noocv.rpt,serdes_s4_lifc_u0/sbphys2a1s14lpp28g4l1c_phy_u0/i_dpl/i_dpl_core/i_top_tbus_0/U371/Y, out, 0.230512, 0.183206, 0.230512, 0.200000,0.030512
data_trans2.lifcc.SC.SigCmaxDP_ErPlus_modRvia_m40c.setup.func.noxtalk.noocv.rpt,serdes_s4_lifc_u0/mem2apb_u0/PO_BINV_R_374025/A, in, 0.225204, 0.128530, 0.225204, 0.200000,0.025204
data_trans2.lifcc.SC.SigCmaxDP_ErPlus_modRvia_m40c.setup.func.noxtalk.noocv.rpt,serdes_s4_lifc_u0/mem2apb_u0/PO_BINV_R_374026/Y, out, 0.225087, 0.128444, 0.225087, 0.200000,0.025087
data_trans2.lifcc.SC.SigCmaxDP_ErPlus_modRvia_m40c.setup.func.noxtalk.noocv.rpt,serdes_s4_lifc_u0/sbphys2a1s14lpp28g4l1c_phy_u0/Upteco_drc__December09__PTECO_DRC_BUF59/A, in, 0.220548, 0.179227, 0.220548, 0.200000,0.020548
data_trans2.lifcc.SC.SigCmaxDP_ErPlus_modRvia_m40c.setup.func.noxtalk.noocv.rpt,serdes_s4_lifc_u0/serdes_s4_cfg_lifc_u0/PO_AINV_P_80439/Y, out, 0.217570, 0.172471, 0.217570, 0.200000,0.01757
data_trans2.lifcc.SC.SigCmaxDP_ErPlus_modRvia_m40c.setup.func.noxtalk.noocv.rpt,lifcc_gate_tessent_tdr_MEM_PROGRAMMABLE_BITs_inst/PO_AINV_P_381250/A, in, 0.208172, 0.161039, 0.208172, 0.200000,0.008172
data_trans2.lifcc.SC.SigCmaxDP_ErPlus_modRvia_m40c.setup.func.noxtalk.noocv.rpt,lifcc_gate_tessent_tdr_MEM_PROGRAMMABLE_BITs_inst/PO_AINV_P_381227/A, in, 0.208172, 0.161039, 0.208172, 0.200000,0.008172
data_trans2.lifcc.SC.SigCmaxDP_ErPlus_modRvia_m40c.setup.func.noxtalk.noocv.rpt,lifcc_gate_tessent_tdr_MEM_PROGRAMMABLE_BITs_inst/PO_AINV_P_381225/A, in, 0.208172, 0.161039, 0.208172, 0.200000,0.008172
data_trans2.lifcc.SC.SigCmaxDP_ErPlus_modRvia_m40c.setup.func.noxtalk.noocv.rpt,lifcc_gate_tessent_tdr_MEM_PROGRAMMABLE_BITs_inst/PO_AINV_P_381226/A, in, 0.208172, 0.161039, 0.208172, 0.200000,0.008172
data_trans2.lifcc.SC.SigCmaxDP_ErPlus_modRvia_m40c.setup.func.noxtalk.noocv.rpt,lifcc_gate_tessent_tdr_MEM_PROGRAMMABLE_BITs_inst/PO_AINV_P_381254/Y, out, 0.208172, 0.161039, 0.208172, 0.200000,0.008172
data_trans2.lifcc.SC.SigCmaxDP_ErPlus_modRvia_m40c.setup.func.noxtalk.noocv.rpt,cfg/led_signal_sync_u0/PSU0_14__pulse_sampling_u0/PO_SGI76_384140/A, in, 0.207361, 0.178244, 0.207361, 0.200000,0.007361
data_trans2.lifcc.SC.SigCmaxDP_ErPlus_modRvia_m40c.setup.func.noxtalk.noocv.rpt,cfg/led_signal_sync_u0/PSU0_14__pulse_sampling_u0/PO_SGI70_384138/Y, out, 0.207252, 0.178388, 0.207252, 0.200000,0.007252
data_trans2.lifcc.SC.SigCmaxDP_ErPlus_modRvia_m40c.setup.func.noxtalk.noocv.rpt,cfg/led_signal_sync_u0/PSU3_0__pulse_sampling_u3/PO_SGI23_384014/A, in, 0.198372, 0.206801, 0.206801, 0.200000,0.006801
data_trans2.lifcc.SC.SigCmaxDP_ErPlus_modRvia_m40c.setup.func.noxtalk.noocv.rpt,cfg/led_signal_sync_u0/PSU3_0__pulse_sampling_u3/PO_SGI20_384012/Y, out, 0.198269, 0.206505, 0.206505, 0.200000,0.006505
data_trans2.lifcc.SC.SigCmaxDP_ErPlus_modRvia_m40c.setup.func.noxtalk.noocv.rpt,cfg/cfg_pcie_top/pcie_wrapper_u0/u_pma/RXP2, in, 0.200000, 0.200000, 0.200000, 0.100000,0.1
data_trans2.lifcc.SC.SigCmaxDP_ErPlus_modRvia_m40c.setup.func.noxtalk.noocv.rpt,cfg/cfg_pcie_top/pcie_wrapper_u0/u_pma/RXP3, in, 0.200000, 0.200000, 0.200000, 0.100000,0.1
data_trans2.lifcc.SC.SigCmaxDP_ErPlus_modRvia_m40c.setup.func.noxtalk.noocv.rpt,cfg/cfg_pcie_top/pcie_wrapper_u0/u_pma/RXP3, in, 0.200000, 0.200000, 0.200000, 0.100000,0.1
data_trans2.lifcc.SC.SigCmaxDP_ErPlus_modRvia_m40c.setup.func.noxtalk.noocv.rpt,cfg/cfg_pcie_top/pcie_wrapper_u0/u_pma/RXP2, in, 0.200000, 0.200000, 0.200000, 0.100000,0.1
data_trans2.lifcc.SC.SigRCmaxDP_ErPlus_modRvia_m40c.setup.func.noxtalk.noocv.rpt,serdes_s4_lifc_u0/sbphys2a1s14lpp28g4l1c_phy_u0/BLOCK_BUFFER_IN_CLK_20/A, in, 3.207880, 3.208445, 3.208445, 0.200000,3.0084
data_trans2.lifcc.SC.SigRCmaxDP_ErPlus_modRvia_m40c.setup.func.noxtalk.noocv.rpt,esi_dft_occ_wrap_SERDES_scan_clk_ln1_rxdiv_i/pll_clk_ATibuf_i101/A, in, 1.654652, 1.658026, 1.658026, 0.200000,1.458
data_trans2.lifcc.SC.SigRCmaxDP_ErPlus_modRvia_m40c.setup.func.noxtalk.noocv.rpt,serdes_s4_lifc_u0/sbphys2a1s14lpp28g4l1c_phy_u0/BLOCK_BUFFER_IN_CLK_21/A, in, 1.337321, 1.339192, 1.339192, 0.200000,1.1392
data_trans2.lifcc.SC.SigRCmaxDP_ErPlus_modRvia_m40c.setup.func.noxtalk.noocv.rpt,diode445109/A, in, 1.217591, 1.229159, 1.229159, 0.200000,1.0292
data_trans2.lifcc.SC.SigRCmaxDP_ErPlus_modRvia_m40c.setup.func.noxtalk.noocv.rpt,BLOCK_BUFFER_OUT_385/A, in, 1.217581, 1.229146, 1.229146, 0.200000,1.0291
data_trans2.lifcc.SC.SigRCmaxDP_ErPlus_modRvia_m40c.setup.func.noxtalk.noocv.rpt,BLOCK_BUFFER_OUT_391/A, in, 1.214515, 1.186461, 1.214515, 0.200000,1.0145
data_trans2.lifcc.SC.SigRCmaxDP_ErPlus_modRvia_m40c.setup.func.noxtalk.noocv.rpt,diode445104/A, in, 1.214508, 1.186450, 1.214508, 0.200000,1.0145
data_trans2.lifcc.SC.SigRCmaxDP_ErPlus_modRvia_m40c.setup.func.noxtalk.noocv.rpt,serdes_s4_lifc_u0/sbphys2a1s14lpp28g4l1c_phy_u0/BLOCK_BUFFER_IN_CLK_17/A, in, 1.099303, 1.105687, 1.105687, 0.200000,0.90569
data_trans2.lifcc.SC.SigRCmaxDP_ErPlus_modRvia_m40c.setup.func.noxtalk.noocv.rpt,BLOCK_BUFFER_OUT_386/A, in, 1.020008, 0.970524, 1.020008, 0.200000,0.82001
data_trans2.lifcc.SC.SigRCmaxDP_ErPlus_modRvia_m40c.setup.func.noxtalk.noocv.rpt,diode445103/A, in, 1.019978, 0.970504, 1.019978, 0.200000,0.81998
data_trans2.lifcc.SC.SigRCmaxDP_ErPlus_modRvia_m40c.setup.func.noxtalk.noocv.rpt,esi_dft_occ_wrap_SERDES_scan_clk_ln2_rx_i/pll_clk_ATibuf_i101/A, in, 0.867897, 0.868134, 0.868134, 0.200000,0.66813
data_trans2.lifcc.SC.SigRCmaxDP_ErPlus_modRvia_m40c.setup.func.noxtalk.noocv.rpt,BLOCK_BUFFER_OUT_392/A, in, 0.848337, 0.838639, 0.848337, 0.200000,0.64834
data_trans2.lifcc.SC.SigRCmaxDP_ErPlus_modRvia_m40c.setup.func.noxtalk.noocv.rpt,diode445105/A, in, 0.848331, 0.838617, 0.848331, 0.200000,0.64833
data_trans2.lifcc.SC.SigRCmaxDP_ErPlus_modRvia_m40c.setup.func.noxtalk.noocv.rpt,esi_dft_occ_wrap_SERDES_scan_clk_ln2_rxdiv_i/pll_clk_ATibuf_i101/A, in, 0.832264, 0.827281, 0.832264, 0.200000,0.63226
data_trans2.lifcc.SC.SigRCmaxDP_ErPlus_modRvia_m40c.setup.func.noxtalk.noocv.rpt,diode458722/A, in, 0.718920, 0.646667, 0.718920, 0.200000,0.51892
data_trans2.lifcc.SC.SigRCmaxDP_ErPlus_modRvia_m40c.setup.func.noxtalk.noocv.rpt,BLOCK_BUFFER_OUT_389/A, in, 0.718920, 0.646666, 0.718920, 0.200000,0.51892
data_trans2.lifcc.SC.SigRCmaxDP_ErPlus_modRvia_m40c.setup.func.noxtalk.noocv.rpt,diode445108/A, in, 0.651810, 0.620534, 0.651810, 0.200000,0.45181
data_trans2.lifcc.SC.SigRCmaxDP_ErPlus_modRvia_m40c.setup.func.noxtalk.noocv.rpt,BLOCK_BUFFER_OUT_387/A, in, 0.651814, 0.620533, 0.651814, 0.200000,0.45181
data_trans2.lifcc.SC.SigRCmaxDP_ErPlus_modRvia_m40c.setup.func.noxtalk.noocv.rpt,diode443931/A, in, 0.616898, 0.554002, 0.616898, 0.200000,0.4169
data_trans2.lifcc.SC.SigRCmaxDP_ErPlus_modRvia_m40c.setup.func.noxtalk.noocv.rpt,BLOCK_BUFFER_OUT_394/A, in, 0.616885, 0.553996, 0.616885, 0.200000,0.41689
data_trans2.lifcc.SC.SigRCmaxDP_ErPlus_modRvia_m40c.setup.func.noxtalk.noocv.rpt,diode445107/A, in, 0.601421, 0.590405, 0.601421, 0.200000,0.40142
data_trans2.lifcc.SC.SigRCmaxDP_ErPlus_modRvia_m40c.setup.func.noxtalk.noocv.rpt,BLOCK_BUFFER_OUT_383/A, in, 0.601424, 0.590407, 0.601424, 0.200000,0.40142
data_trans2.lifcc.SC.SigRCmaxDP_ErPlus_modRvia_m40c.setup.func.noxtalk.noocv.rpt,diode445110/A, in, 0.556743, 0.521615, 0.556743, 0.200000,0.35674
data_trans2.lifcc.SC.SigRCmaxDP_ErPlus_modRvia_m40c.setup.func.noxtalk.noocv.rpt,BLOCK_BUFFER_OUT_388/A, in, 0.556747, 0.521618, 0.556747, 0.200000,0.35675
data_trans2.lifcc.SC.SigRCmaxDP_ErPlus_modRvia_m40c.setup.func.noxtalk.noocv.rpt,esi_dft_occ_wrap_SERDES_scan_clk_ln3_rx_i/pll_clk_ATibuf_i101/A, in, 0.493986, 0.495539, 0.495539, 0.200000,0.29554
data_trans2.lifcc.SC.SigRCmaxDP_ErPlus_modRvia_m40c.setup.func.noxtalk.noocv.rpt,BLOCK_BUFFER_OUT_384/A, in, 0.486950, 0.465782, 0.486950, 0.200000,0.28695
data_trans2.lifcc.SC.SigRCmaxDP_ErPlus_modRvia_m40c.setup.func.noxtalk.noocv.rpt,diode457333/A, in, 0.486937, 0.465781, 0.486937, 0.200000,0.28694
data_trans2.lifcc.SC.SigRCmaxDP_ErPlus_modRvia_m40c.setup.func.noxtalk.noocv.rpt,BLOCK_BUFFER_OUT_393/A, in, 0.481175, 0.476340, 0.481175, 0.200000,0.28118
data_trans2.lifcc.SC.SigRCmaxDP_ErPlus_modRvia_m40c.setup.func.noxtalk.noocv.rpt,diode445111/A, in, 0.481172, 0.476337, 0.481172, 0.200000,0.28117
data_trans2.lifcc.SC.SigRCmaxDP_ErPlus_modRvia_m40c.setup.func.noxtalk.noocv.rpt,BLOCK_BUFFER_OUT_390/A, in, 0.475287, 0.458497, 0.475287, 0.200000,0.27529
data_trans2.lifcc.SC.SigRCmaxDP_ErPlus_modRvia_m40c.setup.func.noxtalk.noocv.rpt,diode445106/A, in, 0.475277, 0.458477, 0.475277, 0.200000,0.27528
data_trans2.lifcc.SC.SigRCmaxDP_ErPlus_modRvia_m40c.setup.func.noxtalk.noocv.rpt,serdes_s4_lifc_u0/sbphys2a1s14lpp28g4l1c_phy_u0/BLOCK_BUFFER_IN_CLK_23/A, in, 0.410906, 0.412099, 0.412099, 0.200000,0.2121
data_trans2.lifcc.SC.SigRCmaxDP_ErPlus_modRvia_m40c.setup.func.noxtalk.noocv.rpt,serdes_s4_lifc_u0/serdes_s4_crm_lifc_u0/npe_synchronizer_u3/SDFFYRPQ2D_INST_3__SDFFYRPQ2D/D, in, 0.409075, 0.409234, 0.409234, 0.200000,0.20923
data_trans2.lifcc.SC.SigRCmaxDP_ErPlus_modRvia_m40c.setup.func.noxtalk.noocv.rpt,serdes_s4_lifc_u0/serdes_s4_crm_lifc_u0/U11/A0, in, 0.409105, 0.409219, 0.409219, 0.200000,0.20922
data_trans2.lifcc.SC.SigRCmaxDP_ErPlus_modRvia_m40c.setup.func.noxtalk.noocv.rpt,esi_dft_occ_wrap_SERDES_scan_clk_pll2ref_i/pll_clk_ATibuf_i101/A, in, 0.365190, 0.362577, 0.365190, 0.200000,0.16519
data_trans2.lifcc.SC.SigRCmaxDP_ErPlus_modRvia_m40c.setup.func.noxtalk.noocv.rpt,serdes_s4_lifc_u0/sbphys2a1s14lpp28g4l1c_phy_u0/BLOCK_BUFFER_IN_CLK_22/A, in, 0.338974, 0.344784, 0.344784, 0.200000,0.14478
data_trans2.lifcc.SC.SigRCmaxDP_ErPlus_modRvia_m40c.setup.func.noxtalk.noocv.rpt,serdes_s4_lifc_u0/sbphys2a1s14lpp28g4l1c_phy_u0/BLOCK_BUFFER_IN_CLK_19/A, in, 0.342517, 0.342704, 0.342704, 0.200000,0.1427
data_trans2.lifcc.SC.SigRCmaxDP_ErPlus_modRvia_m40c.setup.func.noxtalk.noocv.rpt,serdes_s4_lifc_u0/sbphys2a1s14lpp28g4l1c_phy_u0/i_dpl/RO_ropt_d_inst_322391/Y, out, 0.324798, 0.195510, 0.324798, 0.200000,0.1248
data_trans2.lifcc.SC.SigRCmaxDP_ErPlus_modRvia_m40c.setup.func.noxtalk.noocv.rpt,serdes_s4_lifc_u0/sbphys2a1s14lpp28g4l1c_phy_u0/i_dpl/RO_ropt_d_inst_322352/Y, out, 0.318844, 0.199966, 0.318844, 0.200000,0.11884
data_trans2.lifcc.SC.SigRCmaxDP_ErPlus_modRvia_m40c.setup.func.noxtalk.noocv.rpt,cfg/cfg_pcie_top/pcie_wrapper_u0/u_pcs_lane1_wrapper/u_pcs_pcie_core/i_pcs_pcie_lane_control0/RO_ropt_mt_inst_447082/A, in, 0.309982, 0.312060, 0.312060, 0.200000,0.11206
data_trans2.lifcc.SC.SigRCmaxDP_ErPlus_modRvia_m40c.setup.func.noxtalk.noocv.rpt,lifcc_gate_tessent_tdr_MEM_PROGRAMMABLE_BITs_inst/tdr_reg_89_/SI, in, 0.265019, 0.160714, 0.265019, 0.200000,0.065019
data_trans2.lifcc.SC.SigRCmaxDP_ErPlus_modRvia_m40c.setup.func.noxtalk.noocv.rpt,lifcc_gate_tessent_tdr_MEM_PROGRAMMABLE_BITs_inst/tdr_reg_88_/SI, in, 0.265019, 0.160714, 0.265019, 0.200000,0.065019
data_trans2.lifcc.SC.SigRCmaxDP_ErPlus_modRvia_m40c.setup.func.noxtalk.noocv.rpt,lifcc_gate_tessent_tdr_MEM_PROGRAMMABLE_BITs_inst/tdr_reg_87_/SI, in, 0.265019, 0.160714, 0.265019, 0.200000,0.065019
data_trans2.lifcc.SC.SigRCmaxDP_ErPlus_modRvia_m40c.setup.func.noxtalk.noocv.rpt,lifcc_gate_tessent_tdr_MEM_PROGRAMMABLE_BITs_inst/tdr_reg_84_/SI, in, 0.265019, 0.160714, 0.265019, 0.200000,0.065019
data_trans2.lifcc.SC.SigRCmaxDP_ErPlus_modRvia_m40c.setup.func.noxtalk.noocv.rpt,lifcc_gate_tessent_tdr_MEM_PROGRAMMABLE_BITs_inst/tdr_reg_83_/SI, in, 0.265019, 0.160714, 0.265019, 0.200000,0.065019
data_trans2.lifcc.SC.SigRCmaxDP_ErPlus_modRvia_m40c.setup.func.noxtalk.noocv.rpt,lifcc_gate_tessent_tdr_MEM_PROGRAMMABLE_BITs_inst/tdr_reg_82_/SI, in, 0.265019, 0.160714, 0.265019, 0.200000,0.065019
data_trans2.lifcc.SC.SigRCmaxDP_ErPlus_modRvia_m40c.setup.func.noxtalk.noocv.rpt,lifcc_gate_tessent_tdr_MEM_PROGRAMMABLE_BITs_inst/tdr_latch88_reg/SI, in, 0.265019, 0.160714, 0.265019, 0.200000,0.065019
data_trans2.lifcc.SC.SigRCmaxDP_ErPlus_modRvia_m40c.setup.func.noxtalk.noocv.rpt,lifcc_gate_tessent_tdr_MEM_PROGRAMMABLE_BITs_inst/tdr_latch86_reg/SI, in, 0.265019, 0.160714, 0.265019, 0.200000,0.065019
data_trans2.lifcc.SC.SigRCmaxDP_ErPlus_modRvia_m40c.setup.func.noxtalk.noocv.rpt,lifcc_gate_tessent_tdr_MEM_PROGRAMMABLE_BITs_inst/tdr_latch84_reg/SI, in, 0.265019, 0.160714, 0.265019, 0.200000,0.065019
data_trans2.lifcc.SC.SigRCmaxDP_ErPlus_modRvia_m40c.setup.func.noxtalk.noocv.rpt,lifcc_gate_tessent_tdr_MEM_PROGRAMMABLE_BITs_inst/tdr_latch89_reg/SI, in, 0.265019, 0.160714, 0.265019, 0.200000,0.065019
data_trans2.lifcc.SC.SigRCmaxDP_ErPlus_modRvia_m40c.setup.func.noxtalk.noocv.rpt,lifcc_gate_tessent_tdr_MEM_PROGRAMMABLE_BITs_inst/tdr_reg_85_/SI, in, 0.265019, 0.160714, 0.265019, 0.200000,0.065019
data_trans2.lifcc.SC.SigRCmaxDP_ErPlus_modRvia_m40c.setup.func.noxtalk.noocv.rpt,lifcc_gate_tessent_tdr_MEM_PROGRAMMABLE_BITs_inst/tdr_latch82_reg/SI, in, 0.265019, 0.160714, 0.265019, 0.200000,0.065019
data_trans2.lifcc.SC.SigRCmaxDP_ErPlus_modRvia_m40c.setup.func.noxtalk.noocv.rpt,lifcc_gate_tessent_tdr_MEM_PROGRAMMABLE_BITs_inst/tdr_latch87_reg/SI, in, 0.265019, 0.160714, 0.265019, 0.200000,0.065019
data_trans2.lifcc.SC.SigRCmaxDP_ErPlus_modRvia_m40c.setup.func.noxtalk.noocv.rpt,lifcc_gate_tessent_tdr_MEM_PROGRAMMABLE_BITs_inst/tdr_latch85_reg/SI, in, 0.265019, 0.160714, 0.265019, 0.200000,0.065019
data_trans2.lifcc.SC.SigRCmaxDP_ErPlus_modRvia_m40c.setup.func.noxtalk.noocv.rpt,lifcc_gate_tessent_tdr_MEM_PROGRAMMABLE_BITs_inst/tdr_latch83_reg/SI, in, 0.265019, 0.160714, 0.265019, 0.200000,0.065019
data_trans2.lifcc.SC.SigRCmaxDP_ErPlus_modRvia_m40c.setup.func.noxtalk.noocv.rpt,lifcc_gate_tessent_tdr_MEM_PROGRAMMABLE_BITs_inst/tdr_reg_86_/SI, in, 0.265019, 0.160714, 0.265019, 0.200000,0.065019
data_trans2.lifcc.SC.SigRCmaxDP_ErPlus_modRvia_m40c.setup.func.noxtalk.noocv.rpt,lifcc_gate_tessent_tdr_MEM_PROGRAMMABLE_BITs_inst/PO_AINV_P_381254/A, in, 0.265019, 0.160714, 0.265019, 0.200000,0.065019
data_trans2.lifcc.SC.SigRCmaxDP_ErPlus_modRvia_m40c.setup.func.noxtalk.noocv.rpt,lifcc_gate_tessent_tdr_MEM_PROGRAMMABLE_BITs_inst/PO_AINV_P_381251/A, in, 0.265019, 0.160714, 0.265019, 0.200000,0.065019
data_trans2.lifcc.SC.SigRCmaxDP_ErPlus_modRvia_m40c.setup.func.noxtalk.noocv.rpt,lifcc_gate_tessent_tdr_MEM_PROGRAMMABLE_BITs_inst/PO_AINV_P_381265/Y, out, 0.265019, 0.160714, 0.265019, 0.200000,0.065019
data_trans2.lifcc.SC.SigRCmaxDP_ErPlus_modRvia_m40c.setup.func.noxtalk.noocv.rpt,serdes_s4_lifc_u0/serdes_s4_cfg_lifc_u0/U846/B, in, 0.251530, 0.252256, 0.252256, 0.200000,0.052256
data_trans2.lifcc.SC.SigRCmaxDP_ErPlus_modRvia_m40c.setup.func.noxtalk.noocv.rpt,serdes_s4_lifc_u0/serdes_s4_cfg_lifc_u0/U845/B, in, 0.249610, 0.249116, 0.249610, 0.200000,0.04961
data_trans2.lifcc.SC.SigRCmaxDP_ErPlus_modRvia_m40c.setup.func.noxtalk.noocv.rpt,lifcc_gate_tessent_tdr_MEM_PROGRAMMABLE_BITs_inst/PO_AINV_P_381236/A, in, 0.249597, 0.177208, 0.249597, 0.200000,0.049597
data_trans2.lifcc.SC.SigRCmaxDP_ErPlus_modRvia_m40c.setup.func.noxtalk.noocv.rpt,lifcc_gate_tessent_tdr_MEM_PROGRAMMABLE_BITs_inst/PO_AINV_P_381234/A, in, 0.249597, 0.177208, 0.249597, 0.200000,0.049597
data_trans2.lifcc.SC.SigRCmaxDP_ErPlus_modRvia_m40c.setup.func.noxtalk.noocv.rpt,lifcc_gate_tessent_tdr_MEM_PROGRAMMABLE_BITs_inst/PO_AINV_P_381237/A, in, 0.249597, 0.177208, 0.249597, 0.200000,0.049597
data_trans2.lifcc.SC.SigRCmaxDP_ErPlus_modRvia_m40c.setup.func.noxtalk.noocv.rpt,lifcc_gate_tessent_tdr_MEM_PROGRAMMABLE_BITs_inst/PO_AINV_P_381216/A, in, 0.249597, 0.177208, 0.249597, 0.200000,0.049597
data_trans2.lifcc.SC.SigRCmaxDP_ErPlus_modRvia_m40c.setup.func.noxtalk.noocv.rpt,lifcc_gate_tessent_tdr_MEM_PROGRAMMABLE_BITs_inst/PO_AINV_P_381224/A, in, 0.249597, 0.177208, 0.249597, 0.200000,0.049597
data_trans2.lifcc.SC.SigRCmaxDP_ErPlus_modRvia_m40c.setup.func.noxtalk.noocv.rpt,lifcc_gate_tessent_tdr_MEM_PROGRAMMABLE_BITs_inst/PO_AINV_P_381251/Y, out, 0.249597, 0.177208, 0.249597, 0.200000,0.049597
data_trans2.lifcc.SC.SigRCmaxDP_ErPlus_modRvia_m40c.setup.func.noxtalk.noocv.rpt,lifcc_gate_tessent_tdr_MEM_PROGRAMMABLE_BITs_inst/PO_AINV_P_381235/A, in, 0.249597, 0.177208, 0.249597, 0.200000,0.049597
data_trans2.lifcc.SC.SigRCmaxDP_ErPlus_modRvia_m40c.setup.func.noxtalk.noocv.rpt,lifcc_gate_tessent_tdr_MEM_PROGRAMMABLE_BITs_inst/PO_AINV_P_381252/Y, out, 0.235424, 0.141866, 0.235424, 0.200000,0.035424
data_trans2.lifcc.SC.SigRCmaxDP_ErPlus_modRvia_m40c.setup.func.noxtalk.noocv.rpt,lifcc_gate_tessent_tdr_MEM_PROGRAMMABLE_BITs_inst/PO_AINV_P_381247/A, in, 0.235424, 0.141866, 0.235424, 0.200000,0.035424
data_trans2.lifcc.SC.SigRCmaxDP_ErPlus_modRvia_m40c.setup.func.noxtalk.noocv.rpt,serdes_s4_lifc_u0/RO_ropt_mt_inst_457335/A, in, 0.231245, 0.229576, 0.231245, 0.200000,0.031245
data_trans2.lifcc.SC.SigRCmaxDP_ErPlus_modRvia_m40c.setup.func.noxtalk.noocv.rpt,serdes_s4_lifc_u0/mem2apb_u0/PO_BINV_R_374025/A, in, 0.223496, 0.128947, 0.223496, 0.200000,0.023496
data_trans2.lifcc.SC.SigRCmaxDP_ErPlus_modRvia_m40c.setup.func.noxtalk.noocv.rpt,serdes_s4_lifc_u0/mem2apb_u0/PO_BINV_R_374026/Y, out, 0.223387, 0.128876, 0.223387, 0.200000,0.023387
data_trans2.lifcc.SC.SigRCmaxDP_ErPlus_modRvia_m40c.setup.func.noxtalk.noocv.rpt,cfg/led_signal_sync_u0/PSU3_0__pulse_sampling_u3/PO_SGI23_384014/A, in, 0.209331, 0.204751, 0.209331, 0.200000,0.009331
data_trans2.lifcc.SC.SigRCmaxDP_ErPlus_modRvia_m40c.setup.func.noxtalk.noocv.rpt,cfg/led_signal_sync_u0/PSU3_0__pulse_sampling_u3/PO_SGI20_384012/Y, out, 0.209286, 0.204831, 0.209286, 0.200000,0.009286
data_trans2.lifcc.SC.SigRCmaxDP_ErPlus_modRvia_m40c.setup.func.noxtalk.noocv.rpt,cfg/led_signal_sync_u0/PSU0_14__pulse_sampling_u0/PO_SGI76_384140/A, in, 0.206510, 0.178213, 0.206510, 0.200000,0.00651
data_trans2.lifcc.SC.SigRCmaxDP_ErPlus_modRvia_m40c.setup.func.noxtalk.noocv.rpt,cfg/led_signal_sync_u0/PSU0_14__pulse_sampling_u0/PO_SGI70_384138/Y, out, 0.206468, 0.178139, 0.206468, 0.200000,0.006468
data_trans2.lifcc.SC.SigRCmaxDP_ErPlus_modRvia_m40c.setup.func.noxtalk.noocv.rpt,serdes_s4_lifc_u0/sbphys2a1s14lpp28g4l1c_phy_u0/Upteco_drc__December09__PTECO_DRC_BUF59/A, in, 0.206347, 0.169059, 0.206347, 0.200000,0.006347
data_trans2.lifcc.SC.SigRCmaxDP_ErPlus_modRvia_m40c.setup.func.noxtalk.noocv.rpt,serdes_s4_lifc_u0/serdes_s4_cfg_lifc_u0/PO_AINV_P_80439/Y, out, 0.200829, 0.159377, 0.200829, 0.200000,0.000829
data_trans2.lifcc.SC.SigRCmaxDP_ErPlus_modRvia_m40c.setup.func.noxtalk.noocv.rpt,cfg/cfg_pcie_top/pcie_wrapper_u0/u_pma/RXP2, in, 0.200000, 0.200000, 0.200000, 0.100000,0.1
data_trans2.lifcc.SC.SigRCmaxDP_ErPlus_modRvia_m40c.setup.func.noxtalk.noocv.rpt,cfg/cfg_pcie_top/pcie_wrapper_u0/u_pma/RXP3, in, 0.200000, 0.200000, 0.200000, 0.100000,0.1
data_trans2.lifcc.SC.SigRCmaxDP_ErPlus_modRvia_m40c.setup.func.noxtalk.noocv.rpt,cfg/cfg_pcie_top/pcie_wrapper_u0/u_pma/RXP2, in, 0.200000, 0.200000, 0.200000, 0.100000,0.1
data_trans2.lifcc.SC.SigRCmaxDP_ErPlus_modRvia_m40c.setup.func.noxtalk.noocv.rpt,cfg/cfg_pcie_top/pcie_wrapper_u0/u_pma/RXP3, in, 0.200000, 0.200000, 0.200000, 0.100000,0.1
